"replication","AIC","BIC"
1,"(1,1)","(1,1)"
2,"(1,1)","(1,1)"
3,"(1,1)","(1,1)"
4,"(1,1)","(1,1)"
5,"(1,1)","(1,1)"
6,"(2,2)","(1,1)"
7,"(1,1)","(1,1)"
8,"(1,1)","(1,1)"
9,"(1,1)","(1,1)"
10,"(1,1)","(1,1)"
11,"(2,1)","(1,1)"
12,"(1,1)","(1,1)"
13,"(1,1)","(1,1)"
14,"(2,1)","(2,1)"
15,"(1,1)","(1,1)"
16,"(1,1)","(1,1)"
17,"(2,0)","(2,0)"
18,"(2,1)","(1,1)"
19,"(1,1)","(1,1)"
20,"(2,2)","(1,1)"
21,"(2,0)","(2,0)"
22,"(1,1)","(1,1)"
23,"(1,1)","(1,1)"
24,"(1,1)","(1,1)"
25,"(1,1)","(1,1)"
26,"(1,1)","(1,1)"
27,"(1,1)","(1,1)"
28,"(1,1)","(1,1)"
29,"(1,1)","(1,1)"
30,"(1,1)","(1,1)"
31,"(1,2)","(1,1)"
32,"(1,1)","(1,1)"
33,"(1,1)","(1,1)"
34,"(2,0)","(2,0)"
35,"(1,1)","(1,1)"
36,"(1,1)","(1,1)"
37,"(1,1)","(1,1)"
38,"(2,2)","(1,1)"
39,"(1,1)","(1,1)"
40,"(1,1)","(1,1)"
41,"(2,1)","(1,1)"
42,"(1,1)","(1,1)"
43,"(1,1)","(1,1)"
44,"(1,1)","(1,1)"
45,"(1,1)","(1,1)"
46,"(1,2)","(1,1)"
47,"(1,1)","(1,1)"
48,"(2,0)","(2,0)"
49,"(1,1)","(1,1)"
50,"(1,1)","(1,1)"
51,"(1,1)","(1,1)"
52,"(1,1)","(1,1)"
53,"(1,1)","(1,1)"
54,"(1,1)","(1,1)"
55,"(2,0)","(2,0)"
56,"(2,2)","(1,1)"
57,"(1,1)","(1,1)"
58,"(1,1)","(1,1)"
59,"(1,1)","(1,1)"
60,"(1,1)","(1,1)"
61,"(1,1)","(1,1)"
62,"(1,1)","(1,1)"
63,"(2,2)","(1,1)"
64,"(1,1)","(1,1)"
65,"(1,1)","(1,1)"
66,"(2,0)","(2,0)"
67,"(1,1)","(1,1)"
68,"(1,1)","(1,1)"
69,"(2,0)","(2,0)"
70,"(1,1)","(1,1)"
71,"(1,1)","(1,1)"
72,"(1,1)","(1,1)"
73,"(2,0)","(2,0)"
74,"(1,1)","(1,1)"
75,"(1,1)","(1,1)"
76,"(1,1)","(1,1)"
77,"(1,1)","(1,1)"
78,"(1,1)","(1,1)"
79,"(1,2)","(1,1)"
80,"(1,1)","(1,1)"
81,"(1,1)","(1,1)"
82,"(1,1)","(1,1)"
83,"(1,1)","(1,1)"
84,"(1,1)","(1,1)"
85,"(2,1)","(1,1)"
86,"(1,1)","(1,1)"
87,"(1,1)","(1,1)"
88,"(1,1)","(1,1)"
89,"(1,1)","(1,1)"
90,"(2,0)","(2,0)"
91,"(1,1)","(1,1)"
92,"(1,1)","(1,1)"
93,"(2,1)","(1,1)"
94,"(2,2)","(1,1)"
95,"(1,1)","(1,1)"
96,"(1,1)","(1,1)"
97,"(1,1)","(1,1)"
98,"(2,2)","(1,2)"
99,"(1,1)","(1,1)"
100,"(1,1)","(1,1)"
101,"(1,1)","(1,1)"
102,"(2,0)","(2,0)"
103,"(1,1)","(1,1)"
104,"(2,1)","(1,1)"
105,"(1,1)","(1,1)"
106,"(1,1)","(1,1)"
107,"(1,1)","(1,1)"
108,"(1,1)","(1,1)"
109,"(1,1)","(1,1)"
110,"(1,2)","(1,1)"
111,"(1,1)","(1,1)"
112,"(1,2)","(1,1)"
113,"(1,1)","(1,1)"
114,"(1,1)","(1,1)"
115,"(1,1)","(1,1)"
116,"(1,1)","(1,1)"
117,"(1,1)","(1,1)"
118,"(1,1)","(1,1)"
119,"(1,2)","(1,1)"
120,"(1,1)","(1,1)"
121,"(1,1)","(1,1)"
122,"(1,1)","(1,1)"
123,"(1,1)","(1,1)"
124,"(1,1)","(1,1)"
125,"(1,1)","(1,1)"
126,"(1,1)","(1,1)"
127,"(2,1)","(1,1)"
128,"(2,1)","(1,1)"
129,"(1,1)","(1,1)"
130,"(1,1)","(1,1)"
131,"(2,2)","(1,1)"
132,"(1,1)","(1,1)"
133,"(1,1)","(1,1)"
134,"(1,1)","(1,1)"
135,"(1,2)","(2,0)"
136,"(1,1)","(1,1)"
137,"(2,2)","(1,1)"
138,"(1,1)","(1,1)"
139,"(1,1)","(1,1)"
140,"(1,1)","(1,1)"
141,"(1,1)","(1,1)"
142,"(1,1)","(1,1)"
143,"(1,1)","(1,1)"
144,"(1,1)","(1,1)"
145,"(2,1)","(1,1)"
146,"(1,1)","(1,1)"
147,"(2,0)","(2,0)"
148,"(1,1)","(1,1)"
149,"(1,1)","(1,1)"
150,"(1,1)","(1,1)"
151,"(1,1)","(1,1)"
152,"(1,1)","(1,1)"
153,"(1,1)","(1,1)"
154,"(1,1)","(1,1)"
155,"(2,1)","(2,0)"
156,"(1,1)","(1,1)"
157,"(1,1)","(1,1)"
158,"(2,0)","(2,0)"
159,"(1,1)","(1,1)"
160,"(1,1)","(1,1)"
161,"(1,2)","(1,1)"
162,"(1,1)","(1,1)"
163,"(1,1)","(1,1)"
164,"(1,1)","(1,1)"
165,"(2,2)","(2,0)"
166,"(2,2)","(1,1)"
167,"(2,1)","(1,1)"
168,"(1,1)","(1,1)"
169,"(1,2)","(1,1)"
170,"(1,2)","(1,1)"
171,"(1,1)","(1,1)"
172,"(2,2)","(1,1)"
173,"(1,1)","(1,1)"
174,"(1,1)","(1,1)"
175,"(1,1)","(1,1)"
176,"(2,0)","(2,0)"
177,"(2,2)","(1,2)"
178,"(2,1)","(2,0)"
179,"(1,1)","(1,1)"
180,"(1,1)","(1,1)"
181,"(1,1)","(1,1)"
182,"(1,1)","(1,1)"
183,"(1,1)","(1,1)"
184,"(1,1)","(1,1)"
185,"(2,2)","(1,1)"
186,"(1,1)","(1,1)"
187,"(1,1)","(1,1)"
188,"(1,1)","(1,1)"
189,"(2,2)","(1,1)"
190,"(1,1)","(1,1)"
191,"(1,1)","(1,1)"
192,"(1,1)","(1,1)"
193,"(1,1)","(1,1)"
194,"(1,1)","(1,1)"
195,"(1,1)","(1,1)"
196,"(1,1)","(1,1)"
197,"(1,1)","(1,1)"
198,"(1,1)","(1,1)"
199,"(2,1)","(2,0)"
200,"(1,1)","(1,1)"
201,"(1,1)","(1,1)"
202,"(1,1)","(1,1)"
203,"(2,2)","(1,1)"
204,"(1,1)","(1,1)"
205,"(1,1)","(1,1)"
206,"(1,1)","(1,1)"
207,"(1,2)","(1,1)"
208,"(2,2)","(1,1)"
209,"(1,1)","(1,1)"
210,"(1,1)","(1,1)"
211,"(1,1)","(1,1)"
212,"(1,1)","(1,1)"
213,"(1,1)","(1,1)"
214,"(1,1)","(1,1)"
215,"(1,1)","(1,1)"
216,"(1,1)","(1,1)"
217,"(1,1)","(1,1)"
218,"(1,1)","(1,1)"
219,"(1,1)","(1,1)"
220,"(1,1)","(1,1)"
221,"(1,1)","(1,1)"
222,"(2,0)","(2,0)"
223,"(1,1)","(1,1)"
224,"(1,2)","(2,0)"
225,"(1,2)","(1,1)"
226,"(2,2)","(1,1)"
227,"(1,1)","(1,1)"
228,"(1,1)","(1,1)"
229,"(1,1)","(1,1)"
230,"(1,1)","(1,1)"
231,"(1,1)","(1,1)"
232,"(1,1)","(1,1)"
233,"(1,1)","(1,1)"
234,"(1,1)","(1,1)"
235,"(1,1)","(1,1)"
236,"(1,1)","(1,1)"
237,"(2,2)","(1,1)"
238,"(1,1)","(1,1)"
239,"(1,1)","(1,1)"
240,"(1,1)","(1,1)"
241,"(1,1)","(1,1)"
242,"(1,1)","(1,1)"
243,"(1,1)","(1,1)"
244,"(1,1)","(1,1)"
245,"(1,1)","(1,1)"
246,"(1,1)","(1,1)"
247,"(1,1)","(1,1)"
248,"(1,1)","(1,1)"
249,"(1,1)","(1,1)"
250,"(1,1)","(1,1)"
251,"(1,1)","(1,1)"
252,"(1,2)","(1,1)"
253,"(2,2)","(1,1)"
254,"(1,1)","(1,1)"
255,"(1,1)","(1,1)"
256,"(2,2)","(1,1)"
257,"(1,1)","(1,1)"
258,"(1,1)","(1,1)"
259,"(1,1)","(1,1)"
260,"(1,1)","(1,1)"
261,"(1,1)","(1,1)"
262,"(1,1)","(1,1)"
263,"(2,1)","(2,0)"
264,"(1,1)","(1,1)"
265,"(1,1)","(1,1)"
266,"(1,1)","(1,1)"
267,"(1,2)","(1,1)"
268,"(2,0)","(2,0)"
269,"(1,2)","(1,1)"
270,"(2,2)","(1,1)"
271,"(1,1)","(1,1)"
272,"(1,1)","(1,1)"
273,"(1,1)","(1,1)"
274,"(1,1)","(1,1)"
275,"(2,1)","(1,1)"
276,"(2,0)","(2,0)"
277,"(1,1)","(1,1)"
278,"(1,1)","(1,1)"
279,"(1,1)","(1,1)"
280,"(1,1)","(1,1)"
281,"(1,1)","(1,1)"
282,"(1,1)","(1,1)"
283,"(1,1)","(1,1)"
284,"(1,2)","(1,1)"
285,"(1,2)","(1,1)"
286,"(2,0)","(2,0)"
287,"(2,0)","(2,0)"
288,"(2,0)","(2,0)"
289,"(1,1)","(1,1)"
290,"(1,2)","(1,1)"
291,"(1,1)","(1,1)"
292,"(1,1)","(1,1)"
293,"(1,1)","(1,1)"
294,"(2,2)","(1,1)"
295,"(1,1)","(1,1)"
296,"(1,1)","(1,1)"
297,"(1,1)","(1,1)"
298,"(1,2)","(1,1)"
299,"(1,1)","(1,1)"
300,"(1,1)","(1,1)"
301,"(1,1)","(1,1)"
302,"(1,1)","(1,1)"
303,"(1,1)","(1,1)"
304,"(1,1)","(1,1)"
305,"(1,1)","(1,1)"
306,"(1,1)","(1,1)"
307,"(1,1)","(1,1)"
308,"(1,1)","(1,1)"
309,"(1,1)","(1,1)"
310,"(1,1)","(1,1)"
311,"(1,1)","(1,1)"
312,"(1,1)","(1,1)"
313,"(1,2)","(2,0)"
314,"(1,1)","(1,1)"
315,"(1,1)","(1,1)"
316,"(1,1)","(1,1)"
317,"(1,1)","(1,1)"
318,"(1,1)","(1,1)"
319,"(1,1)","(1,1)"
320,"(1,1)","(1,1)"
321,"(1,1)","(1,1)"
322,"(1,1)","(1,1)"
323,"(1,2)","(1,1)"
324,"(1,1)","(1,1)"
325,"(1,1)","(1,1)"
326,"(1,1)","(1,1)"
327,"(1,1)","(1,1)"
328,"(1,1)","(1,1)"
329,"(1,1)","(1,1)"
330,"(1,1)","(1,1)"
331,"(1,1)","(1,1)"
332,"(2,2)","(1,1)"
333,"(1,1)","(1,1)"
334,"(1,1)","(1,1)"
335,"(2,0)","(2,0)"
336,"(1,1)","(1,1)"
337,"(1,1)","(1,1)"
338,"(1,1)","(1,1)"
339,"(1,1)","(1,1)"
340,"(1,1)","(1,1)"
341,"(1,1)","(1,1)"
342,"(1,1)","(1,1)"
343,"(1,1)","(1,1)"
344,"(1,1)","(1,1)"
345,"(2,2)","(1,1)"
346,"(1,1)","(1,1)"
347,"(1,1)","(1,1)"
348,"(1,1)","(1,1)"
349,"(1,1)","(1,1)"
350,"(1,1)","(1,1)"
351,"(1,1)","(1,1)"
352,"(2,1)","(1,1)"
353,"(2,1)","(1,1)"
354,"(1,1)","(1,1)"
355,"(2,0)","(2,0)"
356,"(1,1)","(1,1)"
357,"(1,1)","(1,1)"
358,"(1,2)","(1,1)"
359,"(1,1)","(1,1)"
360,"(1,1)","(1,1)"
361,"(1,1)","(1,1)"
362,"(1,1)","(1,1)"
363,"(2,1)","(2,0)"
364,"(1,1)","(1,1)"
365,"(1,2)","(1,1)"
366,"(2,0)","(2,0)"
367,"(1,1)","(1,1)"
368,"(2,2)","(1,1)"
369,"(1,1)","(1,1)"
370,"(1,1)","(1,1)"
371,"(1,1)","(1,1)"
372,"(1,1)","(1,1)"
373,"(1,1)","(1,1)"
374,"(1,2)","(1,1)"
375,"(2,0)","(2,0)"
376,"(1,1)","(1,1)"
377,"(1,1)","(1,1)"
378,"(1,1)","(1,1)"
379,"(1,1)","(1,1)"
380,"(2,2)","(1,1)"
381,"(2,2)","(2,0)"
382,"(1,1)","(1,1)"
383,"(1,1)","(1,1)"
384,"(1,2)","(1,1)"
385,"(1,1)","(1,1)"
386,"(2,0)","(2,0)"
387,"(1,1)","(1,1)"
388,"(1,1)","(1,1)"
389,"(1,1)","(1,1)"
390,"(1,2)","(1,1)"
391,"(1,1)","(1,1)"
392,"(1,1)","(1,1)"
393,"(1,1)","(1,1)"
394,"(1,1)","(1,1)"
395,"(1,2)","(1,1)"
396,"(1,1)","(1,1)"
397,"(1,1)","(1,1)"
398,"(1,1)","(1,1)"
399,"(1,1)","(1,1)"
400,"(1,1)","(1,1)"
401,"(1,1)","(1,1)"
402,"(1,1)","(1,1)"
403,"(2,0)","(2,0)"
404,"(1,1)","(1,1)"
405,"(1,1)","(1,1)"
406,"(1,1)","(1,1)"
407,"(2,1)","(1,1)"
408,"(1,1)","(1,1)"
409,"(1,1)","(1,1)"
410,"(1,1)","(1,1)"
411,"(1,1)","(1,1)"
412,"(1,2)","(1,1)"
413,"(1,1)","(1,1)"
414,"(1,1)","(1,1)"
415,"(1,1)","(1,1)"
416,"(2,0)","(2,0)"
417,"(2,2)","(2,0)"
418,"(1,2)","(1,1)"
419,"(1,2)","(1,2)"
420,"(1,1)","(1,1)"
421,"(1,1)","(1,1)"
422,"(1,1)","(1,1)"
423,"(1,1)","(1,1)"
424,"(1,1)","(1,1)"
425,"(1,1)","(1,1)"
426,"(1,1)","(1,1)"
427,"(1,1)","(1,1)"
428,"(1,1)","(1,1)"
429,"(2,1)","(1,1)"
430,"(2,1)","(2,1)"
431,"(2,1)","(1,1)"
432,"(2,2)","(2,0)"
433,"(1,1)","(1,1)"
434,"(2,2)","(1,1)"
435,"(2,1)","(1,1)"
436,"(2,2)","(1,1)"
437,"(1,1)","(1,1)"
438,"(1,1)","(1,1)"
439,"(1,1)","(1,1)"
440,"(2,1)","(1,1)"
441,"(1,1)","(1,1)"
442,"(1,1)","(1,1)"
443,"(1,1)","(1,1)"
444,"(1,1)","(1,1)"
445,"(2,1)","(2,1)"
446,"(2,0)","(2,0)"
447,"(1,1)","(1,1)"
448,"(1,1)","(1,1)"
449,"(1,1)","(1,1)"
450,"(2,2)","(1,1)"
451,"(2,0)","(2,0)"
452,"(2,2)","(1,1)"
453,"(1,1)","(1,1)"
454,"(1,1)","(1,1)"
455,"(1,1)","(1,1)"
456,"(2,2)","(1,1)"
457,"(1,1)","(1,1)"
458,"(2,2)","(1,1)"
459,"(1,1)","(1,1)"
460,"(1,1)","(1,1)"
461,"(1,1)","(1,1)"
462,"(1,1)","(1,1)"
463,"(1,2)","(2,0)"
464,"(1,1)","(1,1)"
465,"(1,1)","(1,1)"
466,"(1,1)","(1,1)"
467,"(1,2)","(1,1)"
468,"(1,1)","(1,1)"
469,"(1,1)","(1,1)"
470,"(1,1)","(1,1)"
471,"(1,1)","(1,1)"
472,"(1,1)","(1,1)"
473,"(1,1)","(1,1)"
474,"(2,0)","(2,0)"
475,"(1,1)","(1,1)"
476,"(1,1)","(1,1)"
477,"(1,1)","(1,1)"
478,"(1,1)","(1,1)"
479,"(2,1)","(1,1)"
480,"(1,1)","(1,1)"
481,"(1,2)","(1,1)"
482,"(1,2)","(1,1)"
483,"(1,1)","(1,1)"
484,"(1,1)","(1,1)"
485,"(1,1)","(1,1)"
486,"(1,2)","(1,1)"
487,"(1,1)","(1,1)"
488,"(1,1)","(1,1)"
489,"(1,1)","(1,1)"
490,"(1,1)","(1,1)"
491,"(1,1)","(1,1)"
492,"(1,1)","(1,1)"
493,"(1,1)","(1,1)"
494,"(1,1)","(1,1)"
495,"(1,1)","(1,1)"
496,"(1,1)","(1,1)"
497,"(1,1)","(1,1)"
498,"(1,1)","(1,1)"
499,"(1,1)","(1,1)"
500,"(1,1)","(1,1)"
