"p","q","model","k","logLik","AIC","AICc","BIC","delta_AIC","delta_AICc","delta_BIC"
0,0,"ARMA(0,0)",1,-914.632152813623,1831.26430562725,1831.27233775576,1835.47891372567,415.543061078217,415.429635716853,406.229150522516
1,0,"ARMA(1,0)",2,-726.191423902288,1456.38284780458,1456.40699267379,1464.81206400142,40.6616032555471,40.5642906348837,35.5623007982679
2,0,"ARMA(2,0)",3,-710.675742558911,1427.35148511782,1427.3998722146,1439.99530941309,11.6302405687936,11.5571701756892,10.7455462099365
0,1,"ARMA(0,1)",2,-746.936608060838,1497.87321612168,1497.89736099089,1506.30243231852,82.1519715726474,82.054658951984,77.0526691153682
1,1,"ARMA(1,1)",3,-705.302969453943,1416.60593890789,1416.65432600466,1429.24976320315,0.884694358857132,0.811623965752688,0
2,1,"ARMA(2,1)",4,-704.246411329243,1416.49282265849,1416.57363073929,1433.35125505218,0.771578109457323,0.730928700386812,4.10149184902252
0,2,"ARMA(0,2)",3,-719.40768363459,1444.81536726918,1444.86375436595,1457.45919156445,29.0941227201517,29.0210523270473,28.2094283612946
1,2,"ARMA(1,2)",4,-704.501331469827,1417.00266293965,1417.08347102046,1433.86109533334,1.28141839062437,1.24076898155386,4.61133213018957
2,2,"ARMA(2,2)",5,-702.860622274514,1415.72124454903,1415.84270203891,1436.79428504114,0,0,7.5445218379873
