"lag","rho_dummies_ols","rho_dummies_arma12"
1,-0.0522085321600795,-0.00186169018996221
2,0.182371504517408,0.0101516051935055
3,0.0987854027128136,-0.0196922266906448
4,0.0703882729576144,-4.93752035337529e-05
5,0.118998584327067,0.0544124429331558
6,-0.045685413479141,-0.0835263047703211
7,0.0778604656205614,0.0287212560641762
8,0.0169272092423386,-0.00934965796132489
9,0.026607472448324,-0.00764098346989135
10,0.0661870110528619,0.0125594389039253
11,-0.0834132345084652,-0.044366848416972
12,0.350325518052923,0.363688963161957
13,-0.0922544791529962,-0.053285389080299
14,0.00270763487124234,-0.0478966283664097
15,-0.0297907054379528,-0.0604734621944521
16,-0.054949153711561,-0.055659316228565
17,0.0375431813150312,0.0254333646894283
18,-0.12421149772998,-0.104921460507992
19,0.0558486251671524,0.0560776439122447
20,-0.0361104072437612,-0.0177269828911204
21,-0.0253657735063458,-0.0292024729261982
22,0.0239700412434708,-0.011200572845215
23,-0.154650715927787,-0.103150734096729
24,0.297583370717694,0.318446150698804
25,-0.13113253503413,-0.0802722523389451
26,-0.0266543656378133,-0.0613866112515752
27,-0.0363900501121981,-0.0529195970440092
28,-0.0686299405096361,-0.0522578992466302
29,0.0382090946700347,0.0503885006517435
30,-0.092216306974669,-0.0567443454652531
31,0.0105323680187174,0.0222342459261648
32,-0.0474609512227507,-0.0396754968674545
33,-0.0894569638931228,-0.0839567169594905
34,0.0344650502400304,0.0122758936312763
35,-0.165032157663383,-0.108073387252074
36,0.223174979036207,0.231229605300304
