"month","full_window","mean_1960_1989","mean_1990_2019","change","F","F_df1","F_df2","F_p"
"Jan",0.903389830508475,0.982758620689655,0.826666666666667,-0.156091954022989,12.4663719148211,11,695,1.14622270962135e-21
"Feb",-0.0683333333333264,-0.00666666666666673,-0.13,-0.123333333333333,12.4663719148211,11,695,1.14622270962135e-21
"Mar",-0.263333333333331,-0.31,-0.216666666666667,0.0933333333333333,12.4663719148211,11,695,1.14622270962135e-21
"Apr",-0.516666666666662,-0.54,-0.493333333333333,0.0466666666666667,12.4663719148211,11,695,1.14622270962135e-21
"May",-0.108333333333349,-0.233333333333333,0.0166666666666667,0.25,12.4663719148211,11,695,1.14622270962135e-21
"Jun",0.635000000000002,0.84,0.43,-0.41,12.4663719148211,11,695,1.14622270962135e-21
"Jul",-0.156666666666674,-0.333333333333333,0.02,0.353333333333333,12.4663719148211,11,695,1.14622270962135e-21
"Aug",-0.259999999999998,-0.29,-0.23,0.06,12.4663719148211,11,695,1.14622270962135e-21
"Sep",-0.183333333333339,-0.136666666666667,-0.23,-0.0933333333333333,12.4663719148211,11,695,1.14622270962135e-21
"Oct",-0.139999999999997,-0.153333333333333,-0.126666666666667,0.0266666666666666,12.4663719148211,11,695,1.14622270962135e-21
"Nov",0.110000000000003,0.176666666666667,0.0433333333333333,-0.133333333333333,12.4663719148211,11,695,1.14622270962135e-21
"Dec",0.0183333333333334,0.00333333333333343,0.0333333333333333,0.0299999999999999,12.4663719148211,11,695,1.14622270962135e-21
