"month","month_mean_of_diff","R2"
"Jan",0.903389830508475,0.721334635529044
"Feb",-0.0683333333333264,0.721334635529044
"Mar",-0.263333333333331,0.721334635529044
"Apr",-0.516666666666662,0.721334635529044
"May",-0.108333333333349,0.721334635529044
"Jun",0.635000000000002,0.721334635529044
"Jul",-0.156666666666674,0.721334635529044
"Aug",-0.259999999999998,0.721334635529044
"Sep",-0.183333333333339,0.721334635529044
"Oct",-0.139999999999997,0.721334635529044
"Nov",0.110000000000003,0.721334635529044
"Dec",0.0183333333333334,0.721334635529044
