"lag","rho_diff_UNRATENSA","rho_diff_UNRATE"
1,0.0281699404434917,0.0998081722703185
2,-0.165970056679006,0.268070115298148
3,-0.295482824091972,0.219670703803367
4,-0.0807329609826235,0.241896247525976
5,0.274507554174138,0.171705309271577
6,-0.016438775134399,0.166800003767659
7,0.264909476983383,0.110830786993842
8,-0.0971373379923021,0.0953061349083497
9,-0.319772328194793,0.104583018650181
10,-0.195150630389221,0.0299706470063627
11,0.013957800140401,0.121873607692748
12,0.803943685947218,-0.0890934718696248
13,0.0101761531616425,0.0321115225031664
14,-0.208953330461678,-0.0473861685981709
15,-0.32172498251223,0.00455587958540377
16,-0.109712624123725,0.0156586584235085
17,0.246726761226497,-0.0198513914427428
18,-0.0397954213708847,-0.0220623280664363
19,0.258512011087609,0.0414663710697417
20,-0.107525451453368,-0.0278066781071665
21,-0.32419502960659,0.00774246413594886
22,-0.200398237121064,-0.0175231776884576
23,-0.00718233933723971,-0.0255175567297452
24,0.777001926747616,-0.116976837323414
25,-0.00217259635540603,-0.0165664161630871
26,-0.212617578883724,-0.0720915129862209
27,-0.317540158402239,-0.00146677769781424
28,-0.110008850186609,-0.0716181837173814
29,0.239979982128223,-0.00634265395459276
30,-0.0327408699415039,-0.0116624302330713
31,0.239912357838355,-0.0618679707067103
32,-0.10686191878693,-0.0427611496975943
33,-0.334665380262331,-0.0813800392186304
34,-0.199187398385325,-0.0178809892585758
35,-0.0106574616990208,-0.0262898390744231
36,0.74213051425769,-0.140892772397176
