"omega","I"
0.00872664625997165,0.011766996889755
0.0174532925199433,0.177172242798798
0.0261799387799149,0.0317691778423121
0.0349065850398866,0.0574909961440748
0.0436332312998582,0.0432835441661141
0.0523598775598299,0.329565324989556
0.0610865238198015,0.201292575570153
0.0698131700797732,0.0129499251787452
0.0785398163397448,0.296538864419879
0.0872664625997165,0.0508642065522372
0.0959931088596881,0.347024229705403
0.10471975511966,0.0912424995797129
0.113446401379631,0.0220209182229266
0.122173047639603,0.127550299735749
0.130899693899575,0.0338416211921677
0.139626340159546,0.234745892329533
0.148352986419518,0.12702920586107
0.15707963267949,0.0578459416316199
0.165806278939461,0.0390654382248758
0.174532925199433,0.0566011520486536
0.183259571459405,0.0194082677370758
0.191986217719376,0.0977952453758339
0.200712863979348,0.100906060513323
0.20943951023932,0.0133771739542793
0.218166156499291,0.228218883269267
0.226892802759263,0.0721019806027438
0.235619449019235,0.00325850818445154
0.244346095279206,0.0124337624355405
0.253072741539178,0.000577527211532146
0.261799387799149,0.14554839869086
0.270526034059121,0.187688260488469
0.279252680319093,0.0109751922147403
0.287979326579064,0.00644406085645415
0.296705972839036,0.0708157161843096
0.305432619099008,0.0676214600520338
0.314159265358979,0.00022233590243841
0.322885911618951,0.0322876981666565
0.331612557878923,0.112972487981931
0.340339204138894,0.0544642431361852
0.349065850398866,0.035510181286081
0.357792496658838,0.00741673383116772
0.366519142918809,0.0524279684354329
0.375245789178781,0.0331821683283797
0.383972435438753,0.0741621149468212
0.392699081698724,0.0174313113738905
0.401425727958696,0.0496487649418871
0.410152374218667,0.0367244978096626
0.418879020478639,5.32937437646731e-05
0.427605666738611,0.00646433852832518
0.436332312998582,0.0293879643034301
0.445058959258554,0.0235056525487477
0.453785605518526,0.0203625154711307
0.462512251778497,0.00876796070150582
0.471238898038469,0.149635870870996
0.479965544298441,0.0929544985544742
0.488692190558412,0.231080503154492
0.497418836818384,0.0722955920165612
0.506145483078355,0.0804116618219434
0.514872129338327,0.0412239939300638
0.523598775598299,3.053635561198
0.53232542185827,0.117790725547168
0.541052068118242,0.0158718889828899
0.549778714378214,0.0352475128685532
0.558505360638185,0.112879509921292
0.567232006898157,0.125277815451922
0.575958653158129,0.0961924795020878
0.5846852994181,0.0232243718228267
0.593411945678072,0.00237662730438279
0.602138591938044,0.147533467561604
0.610865238198015,0.0224410748301734
0.619591884457987,0.0739597650186931
0.628318530717959,0.0696214885498921
0.63704517697793,0.0143769752051118
0.645771823237902,0.0632001710215491
0.654498469497874,0.0202839188243752
0.663225115757845,0.0362679444924461
0.671951762017817,0.0286427704363441
0.680678408277789,0.0110385042340717
0.68940505453776,0.00951378763092106
0.698131700797732,0.0164036263204816
0.706858347057703,0.0731662013322511
0.715584993317675,0.020056953901659
0.724311639577647,0.0302219316214469
0.733038285837618,0.00936449503848441
0.74176493209759,0.00257502838950944
0.750491578357562,0.025693623015152
0.759218224617533,0.00540355473888106
0.767944870877505,0.00200122990896468
0.776671517137477,0.0384798788967752
0.785398163397448,0.0444148021978354
0.79412480965742,0.0148886456440946
0.802851455917391,0.00886954488618058
0.811578102177363,0.0283967711259237
0.820304748437335,0.0229120739908823
0.829031394697307,0.00977031303655987
0.837758040957278,0.0158489862612608
0.84648468721725,0.0373357341491519
0.855211333477221,0.00881752726860418
0.863937979737193,0.0185844171940262
0.872664625997165,0.00168791249261005
0.881391272257136,0.0334268741712027
0.890117918517108,0.0101387324963239
0.89884456477708,0.0122635690154347
0.907571211037051,0.0125387013888484
0.916297857297023,0.0173638464735627
0.925024503556995,0.00436827267240746
0.933751149816966,0.0337053554776528
0.942477796076938,0.0174170388994109
0.951204442336909,0.00595862157932543
0.959931088596881,0.0167775308620639
0.968657734856853,0.0165076641213641
0.977384381116825,0.0906753048006115
0.986111027376796,0.0127932044696244
0.994837673636768,0.0340257538684862
1.00356431989674,0.0348415763743614
1.01229096615671,0.0379580456674427
1.02101761241668,0.074721005200818
1.02974425867665,0.0576980724926288
1.03847090493663,0.325227706113888
1.0471975511966,23.4233531352251
1.05592419745657,0.0475421434720651
1.06465084371654,0.0153910134671809
1.07337748997651,0.134218235265844
1.08210413623648,0.144088587230871
1.09083078249646,0.0714986347883338
1.09955742875643,0.0488718029435303
1.1082840750164,0.00291484695931212
1.11701072127637,0.00792454828816806
1.12573736753634,0.00784627305277561
1.13446401379631,0.00490585502999757
1.14319066005629,0.0102618334135703
1.15191730631626,0.00509181565468755
1.16064395257623,0.0121440270896636
1.1693705988362,0.0274101437441934
1.17809724509617,0.00576449396091383
1.18682389135614,0.011261300674224
1.19555053761612,0.0199183868242356
1.20427718387609,0.041702799504825
1.21300383013606,0.000538500069846311
1.22173047639603,0.0380649322894026
1.230457122656,0.00918117912194451
1.23918376891597,0.0498741823020824
1.24791041517595,0.0249424353901544
1.25663706143592,0.0146126977354168
1.26536370769589,0.00272156012863888
1.27409035395586,0.0298628377487726
1.28281700021583,0.0273091790694963
1.2915436464758,0.0487136772925326
1.30027029273578,0.018170400700324
1.30899693899575,0.12720372594208
1.31772358525572,0.00280769154509396
1.32645023151569,0.00981401017036046
1.33517687777566,0.0458621373506128
1.34390352403563,0.00919335052595032
1.35263017029561,0.0355810436845115
1.36135681655558,0.0010128971428815
1.37008346281555,0.0357697592893272
1.37881010907552,0.0197769476370795
1.38753675533549,0.012485762936966
1.39626340159546,0.00444777590129433
1.40499004785544,0.00760015893815111
1.41371669411541,0.0128829176160195
1.42244334037538,0.0135995902396314
1.43116998663535,0.00814778574787034
1.43989663289532,0.0143940700755771
1.44862327915529,0.0145807645069258
1.45734992541527,0.118251845889793
1.46607657167524,0.00395016854008429
1.47480321793521,0.114473083935776
1.48352986419518,0.0501281487115676
1.49225651045515,0.00345402560586011
1.50098315671512,0.0329661416800302
1.5097098029751,0.0735502716597207
1.51843644923507,0.022828346494018
1.52716309549504,0.0413006254929562
1.53588974175501,0.0331213545719906
1.54461638801498,0.0300781528084255
1.55334303427495,0.11616529601261
1.56206968053493,0.0626182034212385
1.5707963267949,11.1462607046549
1.57952297305487,0.927044502268822
1.58824961931484,0.0918323212305505
1.59697626557481,0.0768407297535244
1.60570291183478,0.0132877070194221
1.61442955809475,0.00109221792340392
1.62315620435473,0.0137020618356916
1.6318828506147,0.0742618182983149
1.64060949687467,0.0468484286535241
1.64933614313464,0.00295501579617815
1.65806278939461,0.1003143486731
1.66678943565458,0.00421569355997591
1.67551608191456,0.0476166895974673
1.68424272817453,0.00598782196043035
1.6929693744345,0.0907443389891651
1.70169602069447,0.0208330077385584
1.71042266695444,0.0241930201840309
1.71914931321441,0.00484571481686572
1.72787595947439,0.0107491896656495
1.73660260573436,0.0360158635530123
1.74532925199433,0.0214120102138952
1.7540558982543,0.0540380696104855
1.76278254451427,0.0419925213801321
1.77150919077424,0.00085328976832478
1.78023583703422,0.0126846320431342
1.78896248329419,0.0379907948660609
1.79768912955416,0.052189395468605
1.80641577581413,0.0560368815452232
1.8151424220741,0.0247446805647046
1.82386906833407,0.0147569419865558
1.83259571459405,0.0370526066433178
1.84132236085402,0.0419462572131018
1.85004900711399,0.0410960211948849
1.85877565337396,0.00299607552786743
1.86750229963393,0.036139045794747
1.8762289458939,0.0387393270956673
1.88495559215388,0.0391550347819726
1.89368223841385,0.0128049006977519
1.90240888467382,0.0132333694349388
1.91113553093379,0.0476387469246377
1.91986217719376,0.00701006334303404
1.92858882345373,0.00512122073315997
1.93731546971371,0.00433558530997577
1.94604211597368,0.0182020766652253
1.95476876223365,0.0529375417921319
1.96349540849362,0.00806176126415858
1.97222205475359,0.00649752064941282
1.98094870101356,0.131677738029759
1.98967534727354,0.0518951775026576
1.99840199353351,0.0488278282852306
2.00712863979348,0.0139970224804096
2.01585528605345,0.0349882520169516
2.02458193231342,0.00775348893064838
2.03330857857339,0.0939578957256682
2.04203522483337,0.00148162308521298
2.05076187109334,0.011448516275713
2.05948851735331,0.0140890300138528
2.06821516361328,0.0546670459627793
2.07694180987325,0.191275431438607
2.08566845613322,0.505260763679173
2.0943951023932,1.15931735689749
2.10312174865317,0.228872750111507
2.11184839491314,0.0787648750337397
2.12057504117311,0.0360885419180474
2.12930168743308,0.0159416729257937
2.13802833369305,0.0697218757220798
2.14675497995303,0.0215855480398018
2.155481626213,0.0186848684255259
2.16420827247297,0.059528768816771
2.17293491873294,0.0368386165780495
2.18166156499291,0.0373231319717003
2.19038821125288,0.0571769926147265
2.19911485751286,0.0309978482351241
2.20784150377283,0.00973128895106207
2.2165681500328,0.0447565642166386
2.22529479629277,0.0158425711813856
2.23402144255274,0.00834004742119125
2.24274808881271,0.0301888479575374
2.25147473507268,0.000894327913989293
2.26020138133266,0.0302853616410102
2.26892802759263,0.0144685413878649
2.2776546738526,0.104568553467286
2.28638132011257,0.0808281635008598
2.29510796637254,0.00360752166128412
2.30383461263252,0.0139406660913349
2.31256125889249,0.0263814647555324
2.32128790515246,0.0489018329281688
2.33001455141243,0.000515011419714643
2.3387411976724,0.0646476553332242
2.34746784393237,0.130803758578492
2.35619449019234,0.0336896588314572
2.36492113645232,0.030335707100414
2.37364778271229,0.0158276638835177
2.38237442897226,0.0447250794353678
2.39110107523223,0.068714301546473
2.3998277214922,0.0541300402919699
2.40855436775218,0.00131933808410155
2.41728101401215,0.0306605706019102
2.42600766027212,0.000743482102088778
2.43473430653209,0.0466161998139382
2.44346095279206,0.0130026392266088
2.45218759905203,0.0189148053049382
2.460914245312,0.0271537051830217
2.46964089157198,0.0707869637386206
2.47836753783195,0.011782931724777
2.48709418409192,0.0244573757202381
2.49582083035189,0.0339657033199755
2.50454747661186,0.00478345675180884
2.51327412287183,0.00290796683727652
2.52200076913181,0.118198928097201
2.53072741539178,0.0133108194003357
2.53945406165175,0.0972638181086548
2.54818070791172,0.00808655359255842
2.55690735417169,0.00728557383950763
2.56563400043166,0.119586584139345
2.57436064669164,0.0273404974427114
2.58308729295161,0.00914349228595319
2.59181393921158,0.142397313253745
2.60054058547155,0.629373034745623
2.60926723173152,1.00651641883241
2.61799387799149,11.4085005772692
2.62672052425147,0.647558053659032
2.63544717051144,0.313128687160379
2.64417381677141,0.0154252169914789
2.65290046303138,0.145310164264147
2.66162710929135,0.0534421066818558
2.67035375555132,0.0115329359780983
2.6790804018113,0.0226866284375229
2.68780704807127,0.0460249505400801
2.69653369433124,0.0346345749266665
2.70526034059121,0.0697270052296423
2.71398698685118,0.0319427603861381
2.72271363311115,0.01974462206986
2.73144027937113,0.00617286263562772
2.7401669256311,0.00601695945046264
2.74889357189107,0.0449816865677715
2.75762021815104,0.00885561311939575
2.76634686441101,0.0276832978353651
2.77507351067098,0.0500252341095413
2.78380015693096,0.0526817027548496
2.79252680319093,0.0987402312230024
2.8012534494509,0.0251305778566954
2.80998009571087,0.00125560831338773
2.81870674197084,0.0251134939614603
2.82743338823081,0.00526649611462279
2.83616003449079,0.0245634647540436
2.84488668075076,0.00734085350896001
2.85361332701073,0.0225060302050939
2.8623399732707,0.0106480185846662
2.87106661953067,0.0866929378674192
2.87979326579064,0.0296399087571838
2.88851991205062,0.0275198973930158
2.89724655831059,0.120267782656901
2.90597320457056,0.020017189050335
2.91469985083053,0.0449720421731903
2.9234264970905,0.0108927555745347
2.93215314335047,0.0157277057875818
2.94087978961045,0.00809761656394626
2.94960643587042,0.0230413699859947
2.95833308213039,0.067439276473125
2.96705972839036,0.0920517433590228
2.97578637465033,0.119925461535297
2.9845130209103,0.0181273296005575
2.99323966717028,0.00964896256586558
3.00196631343025,0.0950623304411992
3.01069295969022,0.130156375740648
3.01941960595019,0.056997938433764
3.02814625221016,0.00512845274834375
3.03687289847013,0.014920779086618
3.04559954473011,0.00470624283290066
3.05432619099008,0.0121586632591437
3.06305283725005,0.0133518959225216
3.07177948351002,0.00350976405606671
3.08050612976999,0.0636306453132167
3.08923277602996,7.50672866236249e-05
3.09795942228993,0.0390145645889345
3.10668606854991,0.0181688929115943
3.11541271480988,0.116293801306549
3.12413936106985,0.0756711623937853
3.13286600732982,0.713225400045105
3.14159265358979,1.91395184576609
