"lag","rho_seasonal_AR_Phi0.8","rho_seasonal_random_walk","rho_after_seasonal_difference"
1,-0.0826114056271688,0.243249433885711,0.0412289397572932
2,-0.0850528287086251,-0.0979331690385513,-0.0265067609795505
3,0.076260452494007,0.0992773696736184,0.00165056338121638
4,-0.0254683789167204,-0.0997289536443804,-0.014794275913961
5,-0.0806988688787117,-0.347834860132065,-0.0414370079922052
6,-0.0546005745420857,-0.318231487630622,-0.0271530195922095
7,-0.0899290567366225,-0.340862014692508,0.024345328724034
8,-0.0260588822500212,-0.102633835573242,0.0130432071979624
9,0.0936957839196736,0.0906068734433815,0.0451598858636009
10,-0.0760102402907822,-0.110477750588239,0.0206176369483795
11,-0.0547364234195747,0.246644480705537,-0.0346013771478098
12,0.73088008354204,0.941847096305986,-0.0612029429374634
13,-0.126463781750504,0.24124826314004,0.0126522181398844
14,-0.0819408184151786,-0.0749538224861959,-0.038268738305527
15,0.0566075652374087,0.104216393687593,-0.00240539681717288
16,-0.0334962514846957,-0.0873748471424065,0.0392853728956918
17,-0.0413915259733792,-0.339819122571553,0.00883938814732165
18,-0.0455922464437964,-0.320107093906229,-0.0588728678674655
19,-0.0781959939622882,-0.340491394157608,-0.00493622729969957
20,0.0190441363940292,-0.106011243457391,-0.0102786541734579
21,0.107725819396815,0.070384934574468,0.0142667186459956
22,-0.0764199253971388,-0.122811334871158,-0.0554697931016647
23,-0.0747550581052331,0.252349038922157,0.11029971813038
24,0.513887701965505,0.887429491085241,0.00724069445820954
25,-0.164614230979194,0.238889885616699,0.101835020037097
26,-0.0574822882425331,-0.0493266093635715,0.0731275877779099
27,0.0629543340441972,0.105823068363683,0.016991844665023
28,-0.0471645126215495,-0.0758500058310145,0.00625903160146784
29,0.0107413251993909,-0.328405847790566,-0.0216656153313568
30,0.011716427834237,-0.318651327804809,-0.0388263383767335
31,-0.0845449431486471,-0.340039818136166,0.0227165402482023
32,0.0626153001906664,-0.109226070171359,-0.0120747640766036
33,0.103302613096766,0.0478722443226045,0.0385755225459933
34,-0.0631394350043162,-0.131850751229675,0.0273008474742781
35,-0.0919478018089485,0.246817907975209,-0.0296236374199021
36,0.33884027216266,0.835696437468445,-0.0113746721350766
37,-0.152093250316427,0.228161834829301,-0.0948066413374822
38,-0.0201196451485841,-0.0293866428517204,-0.0147762804137378
39,0.0470668942927319,0.11013649926995,0.0223121531987143
40,-0.0511249664611418,-0.0642036034423931,-0.0054683100217628
