"date","UNRATENSA","X13_default","UNRATE_published","X13_minus_published"
1960-01-01,6.1,5.23851268947034,5.2,0.0385126894703403
1960-02-01,5.7,4.91691492283288,4.8,0.11691492283288
1960-03-01,6.1,5.46702338504968,5.4,0.06702338504968
1960-04-01,5.2,5.24914376301333,5.2,0.0491437630133298
1960-05-01,4.8,5.19588361862363,5.1,0.0958836186236303
1960-06-01,5.8,5.27619972088427,5.4,-0.123800279115731
1960-07-01,5.5,5.4911711908377,5.5,-0.00882880916230011
1960-08-01,5.2,5.53486026926789,5.6,-0.0651397307321098
1960-09-01,4.7,5.39713788947013,5.5,-0.10286211052987
1960-10-01,5,5.79691930374443,6.1,-0.303080696255569
1960-11-01,5.6,6.01459161122253,6.1,-0.0854083887774699
1960-12-01,6.4,6.59366778073008,6.6,-0.00633221926992
1961-01-01,7.7,6.85062611756654,6.6,0.25062611756654
1961-02-01,8.1,7.22345280884878,6.9,0.32345280884878
1961-03-01,7.7,7.08679775653647,6.9,0.186797756536469
1961-04-01,7,7.04879657034786,7,0.0487965703478599
1961-05-01,6.6,6.98640172253565,7.1,-0.11359827746435
1961-06-01,7.3,6.76080790158705,6.9,-0.13919209841295
1961-07-01,6.9,6.88589409924345,7,-0.11410590075655
1961-08-01,6.2,6.51869364527734,6.6,-0.0813063547226598
1961-09-01,5.8,6.46485767272294,6.7,-0.23514232727706
1961-10-01,5.5,6.28144184116095,6.5,-0.21855815883905
1961-11-01,5.6,6.00159388291231,6.1,-0.0984061170876895
1961-12-01,5.8,6.01174332490365,6,0.0117433249036498
1962-01-01,6.7,5.8831024431152,5.8,0.0831024431151999
1962-02-01,6.5,5.6407963084619,5.5,0.1407963084619
1962-03-01,6.2,5.63357710093738,5.6,0.0335771009373804
1962-04-01,5.5,5.56760799159326,5.6,-0.0323920084067399
1962-05-01,5.1,5.48753398156132,5.5,-0.0124660184386798
1962-06-01,5.9,5.34415901193689,5.5,-0.15584098806311
1962-07-01,5.3,5.2878744029563,5.4,-0.112125597043701
1962-08-01,5.3,5.60063718031411,5.7,-0.09936281968589
1962-09-01,4.9,5.52377399097864,5.6,-0.0762260090213598
1962-10-01,4.5,5.25185964032837,5.4,-0.14814035967163
1962-11-01,5.3,5.67541735513478,5.7,-0.0245826448652204
1962-12-01,5.3,5.52601411286237,5.5,0.0260141128623701
1963-01-01,6.6,5.81662464682529,5.7,0.11662464682529
1963-02-01,6.9,6.06355169646364,5.9,0.16355169646364
1963-03-01,6.3,5.77957393249197,5.7,0.0795739324919698
1963-04-01,5.6,5.68374686041804,5.7,-0.0162531395819601
1963-05-01,5.5,5.88924977292412,5.9,-0.0107502270758806
1963-06-01,6.2,5.61563090677733,5.6,0.0156309067773304
1963-07-01,5.6,5.58185330487809,5.6,-0.01814669512191
1963-08-01,5.2,5.48182314930742,5.4,0.0818231493074197
1963-09-01,4.8,5.38074353781559,5.5,-0.11925646218441
1963-10-01,4.7,5.40706230634471,5.5,-0.0929376936552897
1963-11-01,5.3,5.65392492191952,5.7,-0.0460750780804799
1963-12-01,5.3,5.54091551998786,5.5,0.0409155199878599
1964-01-01,6.4,5.66556396311495,5.6,0.0655639631149505
1964-02-01,6.2,5.49280651271181,5.4,0.0928065127118094
1964-03-01,5.9,5.43517160438393,5.4,0.0351716043839296
1964-04-01,5.3,5.40314765175264,5.3,0.10314765175264
1964-05-01,4.8,5.19773467558065,5.1,0.0977346755806501
1964-06-01,5.9,5.28522794062174,5.2,0.0852279406217402
1964-07-01,4.9,4.8611511331813,4.9,-0.0388488668187001
1964-08-01,4.8,5.05581548206648,5,0.05581548206648
1964-09-01,4.5,5.02543951044982,5.1,-0.0745604895501799
1964-10-01,4.4,5.04789904133385,5.1,-0.0521009586661494
1964-11-01,4.5,4.83664792112777,4.8,0.0366479211277699
1964-12-01,4.7,4.95677849323503,5,-0.0432215067649704
1965-01-01,5.5,4.82493909680816,4.9,-0.0750609031918401
1965-02-01,5.7,4.96352595844024,5.1,-0.13647404155976
1965-03-01,5.1,4.69414031036561,4.7,-0.00585968963439054
1965-04-01,4.7,4.8282816361221,4.8,0.0282816361221006
1965-05-01,4.3,4.70937619260062,4.6,0.10937619260062
1965-06-01,5.3,4.65620061977461,4.6,0.0562006197746108
1965-07-01,4.5,4.42333128491457,4.4,0.0233312849145699
1965-08-01,4.2,4.42506403984069,4.4,0.0250640398406894
1965-09-01,3.8,4.2620513400589,4.3,-0.0379486599411001
1965-10-01,3.6,4.18554223779185,4.2,-0.0144577622081501
1965-11-01,3.9,4.21812342385092,4.1,0.11812342385092
1965-12-01,3.7,3.97292203461963,4,-0.0270779653803701
1966-01-01,4.4,3.78511566193774,4,-0.21488433806226
1966-02-01,4.2,3.52269799852788,3.8,-0.27730200147212
1966-03-01,4,3.64967253356557,3.8,-0.15032746643443
1966-04-01,3.6,3.76165839114064,3.8,-0.0383416088593598
1966-05-01,3.7,4.1333216663536,3.9,0.2333216663536
1966-06-01,4.6,3.93918209718066,3.8,0.13918209718066
1966-07-01,3.9,3.78060590741548,3.8,-0.0193940925845197
1966-08-01,3.6,3.79832580645043,3.8,-0.00167419354956966
1966-09-01,3.3,3.69736087881993,3.7,-0.00263912118007026
1966-10-01,3.2,3.72438319308793,3.7,0.0243831930879299
1966-11-01,3.4,3.69989254445353,3.6,0.0998925444535299
1966-12-01,3.5,3.78643253532679,3.8,-0.0135674646732098
1967-01-01,4.2,3.63267344895665,3.9,-0.26732655104335
1967-02-01,4.2,3.56240063049475,3.8,-0.23759936950525
1967-03-01,3.9,3.59006039767555,3.8,-0.20993960232445
1967-04-01,3.5,3.69410202392048,3.8,-0.10589797607952
1967-05-01,3.2,3.67288272780222,3.8,-0.12711727219778
1967-06-01,4.6,3.93671085805972,3.9,0.03671085805972
1967-07-01,4.1,3.94338825632695,3.8,0.14338825632695
1967-08-01,3.7,3.87678982739991,3.8,0.0767898273999101
1967-09-01,3.7,4.03474063558079,3.8,0.23474063558079
1967-10-01,3.8,4.2721896290031,4,0.2721896290031
1967-11-01,3.7,3.98588653402779,3.9,0.0858865340277899
1967-12-01,3.5,3.80126346346606,3.8,0.00126346346605999
1968-01-01,4,3.46621312053493,3.7,-0.23378687946507
1968-02-01,4.2,3.67209477007931,3.8,-0.12790522992069
1968-03-01,3.8,3.51342587702687,3.7,-0.18657412297313
1968-04-01,3.2,3.41722323969588,3.5,-0.0827767603041201
1968-05-01,2.9,3.40783454449279,3.5,-0.0921654555072098
1968-06-01,4.5,3.84585523465856,3.7,0.14585523465856
1968-07-01,4,3.81773660543169,3.7,0.11773660543169
1968-08-01,3.5,3.66130428359568,3.5,0.16130428359568
1968-09-01,3.3,3.58413999389514,3.4,0.18413999389514
1968-10-01,3.2,3.64451466644388,3.4,0.24451466644388
1968-11-01,3.3,3.58242320669867,3.4,0.18242320669867
1968-12-01,3.1,3.41878797987818,3.4,0.01878797987818
1969-01-01,3.7,3.1791584762036,3.4,-0.2208415237964
1969-02-01,3.7,3.09369774612178,3.4,-0.30630225387822
1969-03-01,3.5,3.22090827138017,3.4,-0.17909172861983
1969-04-01,3.2,3.42497907019669,3.4,0.0249790701966899
1969-05-01,2.9,3.42847909907989,3.4,0.02847909907989
1969-06-01,4.1,3.46905734712628,3.5,-0.03094265287372
1969-07-01,3.8,3.60619877109871,3.5,0.10619877109871
1969-08-01,3.5,3.6539748672029,3.5,0.1539748672029
1969-09-01,3.7,3.94785622909228,3.7,0.24785622909228
1969-10-01,3.5,3.93731705458272,3.7,0.23731705458272
1969-11-01,3.3,3.58459875569755,3.5,0.08459875569755
1969-12-01,3.2,3.52971566294779,3.5,0.0297156629477899
1970-01-01,4.2,3.66902047197373,3.9,-0.23097952802627
1970-02-01,4.7,4.08656491906359,4.2,-0.11343508093641
1970-03-01,4.6,4.31765072427878,4.4,-0.0823492757212207
1970-04-01,4.3,4.52997797082427,4.6,-0.0700220291757301
1970-05-01,4.1,4.64518015096081,4.8,-0.15481984903919
1970-06-01,5.6,5.00194571480154,4.9,0.101945714801539
1970-07-01,5.3,5.1071392650388,5,0.1071392650388
1970-08-01,5,5.1548821096507,5.1,0.0548821096507002
1970-09-01,5.2,5.42935279394404,5.4,0.0293527939440397
1970-10-01,5.1,5.5434830089493,5.5,0.0434830089493001
1970-11-01,5.5,5.78193973871505,5.9,-0.11806026128495
1970-12-01,5.6,5.92321165554044,6.1,-0.17678834445956
1971-01-01,6.6,6.0385990374203,5.9,0.1385990374203
1971-02-01,6.6,5.96741495156333,5.9,0.0674149515633298
1971-03-01,6.3,6.00919446590588,6,0.00919446590588002
1971-04-01,5.7,5.93423440950621,5.9,0.0342344095062099
1971-05-01,5.3,5.85759691896087,5.9,-0.0424030810391303
1971-06-01,6.5,5.93904573357948,5.9,0.0390457335794796
1971-07-01,6.2,6.01279135674716,6,0.0127913567471598
1971-08-01,5.9,6.05735843510627,6.1,-0.0426415648937297
1971-09-01,5.8,6.02143760323807,6,0.0214376032380699
1971-10-01,5.4,5.85544573165686,5.8,0.0554457316568602
1971-11-01,5.7,5.98531041102065,6,-0.0146895889793504
1971-12-01,5.5,5.81881058960348,6,-0.18118941039652
1972-01-01,6.5,5.91430502358903,5.8,0.11430502358903
1972-02-01,6.4,5.83826973064834,5.7,0.13826973064834
1972-03-01,6.1,5.80244383613661,5.8,0.00244383613661014
1972-04-01,5.5,5.7338231609703,5.7,0.0338231609703001
1972-05-01,5.1,5.66049155392817,5.7,-0.0395084460718298
1972-06-01,6.2,5.67300779560622,5.7,-0.02699220439378
1972-07-01,5.9,5.71913519777052,5.6,0.11913519777052
1972-08-01,5.5,5.66054752917502,5.6,0.0605475291750199
1972-09-01,5.4,5.61570776194978,5.5,0.11570776194978
1972-10-01,5.1,5.56521096034049,5.6,-0.0347890396595094
1972-11-01,4.9,5.18793195540761,5.3,-0.11206804459239
1972-12-01,4.8,5.10882410005024,5.2,-0.0911758999497598
1973-01-01,5.5,4.89031096382421,4.9,-0.0096890361757902
1973-02-01,5.6,4.93269915571891,5,-0.0673008442810898
1973-03-01,5.2,4.89375703096807,4.9,-0.00624296903193056
1973-04-01,4.8,5.03485848188732,5,0.0348584818873201
1973-05-01,4.4,4.95913023915711,4.9,0.0591302391571098
1973-06-01,5.4,4.90808127661127,4.9,0.00808127661126967
1973-07-01,5,4.83391694249912,4.8,0.0339169424991201
1973-08-01,4.7,4.87347670919104,4.8,0.0734767091910404
1973-09-01,4.7,4.92209879614695,4.8,0.12209879614695
1973-10-01,4.2,4.67923814376082,4.6,0.0792381437608203
1973-11-01,4.6,4.88787737833404,4.8,0.0878773783340403
1973-12-01,4.6,4.89203460072685,4.9,-0.0079653992731501
1974-01-01,5.7,5.05550165760084,5.1,-0.0444983423991596
1974-02-01,5.8,5.10832317793761,5.2,-0.0916768220623903
1974-03-01,5.3,4.97724792303071,5.1,-0.12275207696929
1974-04-01,4.8,5.03634470846853,5.1,-0.0636552915314699
1974-05-01,4.6,5.15741709372196,5.1,0.05741709372196
1974-06-01,5.8,5.34480426798063,5.4,-0.0551957320193708
1974-07-01,5.7,5.55171415881638,5.5,0.0517141588163801
1974-08-01,5.3,5.48654906171498,5.5,-0.0134509382850201
1974-09-01,5.7,5.93825091616759,5.9,0.0382509161675895
1974-10-01,5.5,5.98806211068894,6,-0.01193788931106
1974-11-01,6.2,6.49012032748578,6.6,-0.10987967251422
1974-12-01,6.7,6.98307264106421,7.2,-0.216927358935791
1975-01-01,9,8.32807295312064,8.1,0.228072953120641
1975-02-01,9.1,8.38919696145321,8.1,0.289196961453211
1975-03-01,9.1,8.76017219345191,8.6,0.16017219345191
1975-04-01,8.6,8.83523112908183,8.8,0.0352311290818292
1975-05-01,8.3,8.84979050995108,9,-0.150209490048921
1975-06-01,9.1,8.67383661621438,8.8,-0.12616338378562
1975-07-01,8.7,8.55825528241068,8.6,-0.0417447175893191
1975-08-01,8.2,8.37663704883589,8.4,-0.0233629511641098
1975-09-01,8.1,8.34435043792216,8.4,-0.055649562077841
1975-10-01,7.8,8.27716952464449,8.4,-0.12283047535551
1975-11-01,7.8,8.08926870258937,8.3,-0.21073129741063
1975-12-01,7.8,8.08694422715186,8.2,-0.113055772848139
1976-01-01,8.8,8.11786289498193,7.9,0.217862894981929
1976-02-01,8.7,8.07264295634118,7.7,0.37264295634118
1976-03-01,8.1,7.76309326132058,7.6,0.16309326132058
1976-04-01,7.4,7.65152128687599,7.7,-0.0484787131240099
1976-05-01,6.8,7.3518706224483,7.4,-0.0481293775517004
1976-06-01,8,7.60904800426305,7.6,0.0090480042630503
1976-07-01,7.8,7.66591357755984,7.8,-0.13408642244016
1976-08-01,7.6,7.75842838721589,7.8,-0.0415716127841099
1976-09-01,7.4,7.64317288635649,7.6,0.0431728863564906
1976-10-01,7.2,7.65467609033985,7.7,-0.0453239096601505
1976-11-01,7.4,7.68093029131265,7.8,-0.11906970868735
1976-12-01,7.4,7.69080114308711,7.8,-0.10919885691289
1977-01-01,8.3,7.61130906623346,7.5,0.11130906623346
1977-02-01,8.5,7.79080142346061,7.6,0.19080142346061
1977-03-01,7.9,7.56428711256866,7.4,0.16428711256866
1977-04-01,6.9,7.15771107747072,7.2,-0.0422889225292797
1977-05-01,6.4,6.93272489175947,7,-0.0672751082405298
1977-06-01,7.5,7.13814550109668,7.2,-0.0618544989033198
1977-07-01,7,6.86870763148331,6.9,-0.0312923685166906
1977-08-01,6.8,6.94301044068992,7,-0.0569895593100798
1977-09-01,6.6,6.84287907602302,6.8,0.04287907602302
1977-10-01,6.4,6.8389025345348,6.8,0.0389025345347997
1977-11-01,6.5,6.77936887693892,6.8,-0.0206311230610794
1977-12-01,6,6.29873040591094,6.4,-0.10126959408906
1978-01-01,7.1,6.4163563933846,6.4,0.0163563933845996
1978-02-01,6.9,6.21416853287449,6.3,-0.0858314671255096
1978-03-01,6.6,6.27479073795654,6.3,-0.0252092620434601
1978-04-01,5.8,6.05407995541351,6.1,-0.0459200445864898
1978-05-01,5.5,5.99188171651211,6,-0.00811828348788968
1978-06-01,6.2,5.86174136339901,5.9,-0.0382586366009905
1978-07-01,6.3,6.16788699565756,6.2,-0.03211300434244
1978-08-01,5.9,6.03055424078965,5.9,0.13055424078965
1978-09-01,5.8,6.04539990995868,6,0.0453999099586797
1978-10-01,5.4,5.82845216676303,5.8,0.0284521667630298
1978-11-01,5.6,5.8867167663056,5.9,-0.0132832336944002
1978-12-01,5.7,6.00269087266198,6,0.00269087266198031
1979-01-01,6.4,5.71973655917828,5.9,-0.180263440821721
1979-02-01,6.4,5.73689262040739,5.9,-0.163107379592611
1979-03-01,6.1,5.78854953525254,5.8,-0.01145046474746
1979-04-01,5.5,5.74245991966289,5.8,-0.0575400803371098
1979-05-01,5.2,5.63710908649616,5.6,0.0371090864961605
1979-06-01,6,5.67579497365668,5.7,-0.0242050263433198
1979-07-01,5.9,5.77202822505564,5.7,0.0720282250556394
1979-08-01,5.9,6.02709076888405,6,0.02709076888405
1979-09-01,5.7,5.95660151720447,5.9,0.05660151720447
1979-10-01,5.6,6.02129183433715,6,0.0212918343371502
1979-11-01,5.6,5.89839193512569,5.9,-0.00160806487431042
1979-12-01,5.7,6.01033877356326,6,0.0103387735632596
1980-01-01,6.9,6.22089549038953,6.3,-0.0791045096104694
1980-02-01,6.8,6.24109363652247,6.3,-0.0589063634775302
1980-03-01,6.6,6.29943367848245,6.3,-0.00056632151754954
1980-04-01,6.7,6.93112542895992,6.9,0.0311254289599194
1980-05-01,7.1,7.48373090154372,7.5,-0.0162690984562799
1980-06-01,7.8,7.48737633261434,7.6,-0.11262366738566
1980-07-01,7.9,7.78614978093894,7.8,-0.0138502190610597
1980-08-01,7.6,7.7359994077163,7.7,0.0359994077163002
1980-09-01,7.2,7.47123473282464,7.5,-0.02876526717536
1980-10-01,7.1,7.50982903320454,7.5,0.00982903320454032
1980-11-01,7.1,7.39370024490391,7.5,-0.10629975509609
1980-12-01,6.9,7.20157907693971,7.2,0.00157907693971016
1981-01-01,8.2,7.50816372069092,7.5,0.00816372069091997
1981-02-01,8,7.35097712058789,7.4,-0.0490228794121101
1981-03-01,7.7,7.3919356406011,7.4,-0.00806435939890005
1981-04-01,7,7.21933771247604,7.2,0.0193377124760401
1981-05-01,7.1,7.45375481197487,7.5,-0.0462451880251296
1981-06-01,7.7,7.41939462262295,7.5,-0.0806053773770499
1981-07-01,7.3,7.22447921829652,7.2,0.0244792182965199
1981-08-01,7.2,7.36950574106105,7.4,-0.0304942589389503
1981-09-01,7.3,7.59172481539921,7.6,-0.00827518460079002
1981-10-01,7.5,7.90530262983772,7.9,0.00530262983771923
1981-11-01,7.9,8.18777728048932,8.3,-0.112222719510681
1981-12-01,8.3,8.58292654534346,8.5,0.0829265453434598
1982-01-01,9.4,8.69807704080597,8.6,0.0980770408059701
1982-02-01,9.6,8.94121408762196,8.9,0.0412140876219595
1982-03-01,9.5,9.17611858343767,9,0.17611858343767
1982-04-01,9.2,9.39966966585302,9.3,0.0996696658530194
1982-05-01,9.1,9.4281197688939,9.4,0.0281197688938999
1982-06-01,9.8,9.54569844322339,9.6,-0.0543015567766094
1982-07-01,9.8,9.74947503266756,9.8,-0.0505249673324411
1982-08-01,9.6,9.78768826247127,9.8,-0.01231173752873
1982-09-01,9.7,9.99650638251737,10.1,-0.103493617482629
1982-10-01,9.9,10.2972520801357,10.4,-0.102747919864301
1982-11-01,10.4,10.6878666565768,10.8,-0.112133343423201
1982-12-01,10.5,10.7765137361139,10.8,-0.0234862638861006
1983-01-01,11.4,10.702049397657,10.4,0.302049397656999
1983-02-01,11.3,10.6424417060542,10.4,0.242441706054199
1983-03-01,10.8,10.4701220163151,10.3,0.1701220163151
1983-04-01,10,10.1818721316102,10.2,-0.018127868389799
1983-05-01,9.8,10.1021111421132,10.1,0.00211114211320051
1983-06-01,10.2,9.96579717710185,10.1,-0.13420282289815
1983-07-01,9.4,9.35477099842843,9.4,-0.0452290015715704
1983-08-01,9.2,9.38698763790488,9.5,-0.11301236209512
1983-09-01,8.8,9.086397333879,9.2,-0.113602666120999
1983-10-01,8.4,8.78647441655968,8.8,-0.0135255834403214
1983-11-01,8.1,8.39807396126115,8.5,-0.101926038738849
1983-12-01,8,8.28991865915769,8.3,-0.0100813408423104
1984-01-01,8.8,8.12311712951418,8,0.12311712951418
1984-02-01,8.4,7.84503702434278,7.8,0.04503702434278
1984-03-01,8.1,7.77579662901135,7.8,-0.0242033709886496
1984-04-01,7.6,7.77240757836173,7.7,0.0724075783617302
1984-05-01,7.2,7.47981108598887,7.4,0.0798110859888697
1984-06-01,7.4,7.18492122167877,7.2,-0.0150787783212305
1984-07-01,7.5,7.45035441374181,7.5,-0.0496455862581904
1984-08-01,7.3,7.48390430354915,7.5,-0.0160956964508499
1984-09-01,7.1,7.36958156425556,7.3,0.0695815642555599
1984-10-01,7,7.37162800557422,7.4,-0.0283719944257808
1984-11-01,6.9,7.19869289829431,7.2,-0.00130710170568982
1984-12-01,7,7.30148880457321,7.3,0.00148880457320999
1985-01-01,8,7.34401502364734,7.3,0.04401502364734
1985-02-01,7.8,7.16671115741843,7.2,-0.0332888425815705
1985-03-01,7.5,7.17851256558949,7.2,-0.0214874344105098
1985-04-01,7.1,7.26577521664673,7.3,-0.0342247833532694
1985-05-01,7,7.25386387169974,7.2,0.0538638716997397
1985-06-01,7.5,7.2955898364348,7.4,-0.1044101635652
1985-07-01,7.4,7.34650633191685,7.4,-0.0534936680831501
1985-08-01,6.9,7.08664918310706,7.1,-0.0133508168929399
1985-09-01,6.9,7.1591804664021,7.1,0.0591804664021005
1985-10-01,6.8,7.16143148244251,7.1,0.0614314824425106
1985-11-01,6.7,6.99223193525756,7,-0.00776806474244029
1985-12-01,6.7,7.01590742665062,7,0.0159074266506201
1986-01-01,7.3,6.66175536962908,6.7,-0.0382446303709205
1986-02-01,7.8,7.17362271815148,7.2,-0.0263772818485206
1986-03-01,7.5,7.18211936558022,7.2,-0.0178806344197806
1986-04-01,7,7.16540986793,7.1,0.0654098679300006
1986-05-01,7,7.23246358165575,7.2,0.0324635816557501
1986-06-01,7.3,7.10858275909193,7.2,-0.0914172409080702
1986-07-01,7,6.94964625936723,7,-0.0503537406327697
1986-08-01,6.7,6.88670495131181,6.9,-0.0132950486881906
1986-09-01,6.8,7.05136671144678,7,0.0513667114467804
1986-10-01,6.6,6.95344073145531,7,-0.0465592685446898
1986-11-01,6.6,6.87741656436799,6.9,-0.0225834356320105
1986-12-01,6.3,6.62141181046674,6.6,0.0214118104667405
1987-01-01,7.3,6.65947851045785,6.6,0.0594785104578506
1987-02-01,7.2,6.58068205004217,6.6,-0.0193179499578298
1987-03-01,6.9,6.59118036852653,6.6,-0.00881963147346987
1987-04-01,6.2,6.36994739157588,6.3,0.0699473915758801
1987-05-01,6.1,6.32065059589335,6.3,0.0206505958933505
1987-06-01,6.3,6.12571705634027,6.2,-0.0742829436597301
1987-07-01,6.1,6.0528994780788,6.1,-0.0471005219212
1987-08-01,5.8,5.98172014341262,6,-0.0182798565873803
1987-09-01,5.7,5.94924527529653,5.9,0.0492452752965296
1987-10-01,5.7,6.05345999740673,6,0.0534599974067298
1987-11-01,5.6,5.86593154461878,5.8,0.0659315446187803
1987-12-01,5.4,5.7199300713318,5.7,0.0199300713317996
1988-01-01,6.3,5.64797989334966,5.7,-0.0520201066503398
1988-02-01,6.2,5.67770022466352,5.7,-0.0222997753364798
1988-03-01,5.9,5.60637566586876,5.7,-0.0936243341312402
1988-04-01,5.3,5.47196636381386,5.4,0.0719663638138597
1988-05-01,5.4,5.6145669300556,5.6,0.0145669300555999
1988-06-01,5.5,5.3352301970804,5.4,-0.0647698029196002
1988-07-01,5.5,5.44889030647879,5.4,0.04889030647879
1988-08-01,5.4,5.57493302316166,5.6,-0.0250669768383398
1988-09-01,5.2,5.44893475169588,5.4,0.0489347516958798
1988-10-01,5,5.36107379956219,5.4,-0.0389262004378104
1988-11-01,5.2,5.45968538870164,5.3,0.15968538870164
1988-12-01,5,5.31351244277849,5.3,0.0135124427784898
1989-01-01,6,5.33635243774809,5.4,-0.0636475622519104
1989-02-01,5.6,4.99683721615962,5.2,-0.20316278384038
1989-03-01,5.2,4.91711168295064,5,-0.0828883170493597
1989-04-01,5.1,5.27092143423308,5.2,0.0709214342330799
1989-05-01,5,5.2126225252528,5.2,0.0126225252527998
1989-06-01,5.5,5.33938797616761,5.3,0.0393879761676104
1989-07-01,5.3,5.24550852684645,5.2,0.0455085268464499
1989-08-01,5.1,5.274241158855,5.2,0.074241158855
1989-09-01,5.1,5.3533217799922,5.3,0.0533217799922001
1989-10-01,5,5.37587432367773,5.3,0.0758743236777306
1989-11-01,5.2,5.46290996339816,5.4,0.0629099633981598
1989-12-01,5.1,5.40855701948362,5.4,0.00855701948361975
1990-01-01,6,5.32479464025041,5.4,-0.0752053597495905
1990-02-01,5.9,5.28926973887311,5.3,-0.0107302611268896
1990-03-01,5.5,5.20789430936162,5.2,0.00789430936162017
1990-04-01,5.3,5.47024998133387,5.4,0.0702499813338697
1990-05-01,5.2,5.40994883726496,5.4,0.00994883726495921
1990-06-01,5.4,5.23915397165129,5.2,0.0391539716512899
1990-07-01,5.6,5.54268152908857,5.5,0.0426815290885703
1990-08-01,5.5,5.67858557707262,5.7,-0.0214144229273803
1990-09-01,5.6,5.86570088099877,5.9,-0.0342991190012301
1990-10-01,5.5,5.89645341962189,5.9,-0.00354658037811006
1990-11-01,5.9,6.18067817038627,6.2,-0.0193218296137303
1990-12-01,6,6.31261544274655,6.3,0.0126154427465499
1991-01-01,7.1,6.41624768661152,6.4,0.0162476866115195
1991-02-01,7.3,6.67778163591586,6.6,0.0777816359158603
1991-03-01,7.2,6.88961327727755,6.8,0.0896132772775502
1991-04-01,6.5,6.66941733747002,6.7,-0.0305826625299801
1991-05-01,6.7,6.90299374819634,6.9,0.00299374819633957
1991-06-01,7,6.82342753849994,6.9,-0.07657246150006
1991-07-01,6.8,6.72866230358944,6.8,-0.0713376964105601
1991-08-01,6.6,6.77400094346648,6.9,-0.12599905653352
1991-09-01,6.5,6.77515421991581,6.9,-0.124845780084191
1991-10-01,6.5,6.91152146505149,7,-0.0884785349485098
1991-11-01,6.7,7.00272597027434,7,0.00272597027433985
1991-12-01,6.9,7.22521857743407,7.3,-0.0747814225659296
1992-01-01,8.1,7.41648480110161,7.3,0.11648480110161
1992-02-01,8.2,7.67151038570822,7.4,0.271510385708219
1992-03-01,7.8,7.48861567935986,7.4,0.0886156793598598
1992-04-01,7.2,7.37149220569283,7.4,-0.0285077943071705
1992-05-01,7.3,7.50246209386731,7.6,-0.0975379061326898
1992-06-01,8,7.80900780605319,7.8,0.00900780605318996
1992-07-01,7.7,7.6045576765305,7.7,-0.0954423234695003
1992-08-01,7.4,7.55690428008481,7.6,-0.0430957199151898
1992-09-01,7.3,7.57066691722448,7.6,-0.02933308277552
1992-10-01,6.9,7.30832444981293,7.3,0.00832444981293001
1992-11-01,7.1,7.41556651453673,7.4,0.0155665145367294
1992-12-01,7.1,7.43739787954231,7.4,0.0373978795423096
1993-01-01,8,7.32050340601275,7.3,0.0205034060127502
1993-02-01,7.8,7.2082433447108,7.1,0.1082433447108
1993-03-01,7.4,7.09538148148471,7,0.0953814814847096
1993-04-01,6.9,7.06930940280504,7.1,-0.03069059719496
1993-05-01,6.8,7.00705404436076,7.1,-0.09294595563924
1993-06-01,7.2,7.00883635463847,7,0.00883635463847021
1993-07-01,7,6.88244257521379,6.9,-0.0175574247862107
1993-08-01,6.6,6.73959080196608,6.8,-0.0604091980339199
1993-09-01,6.4,6.66344661476068,6.7,-0.0365533852393201
1993-10-01,6.4,6.79800400619773,6.8,-0.00199599380226978
1993-11-01,6.2,6.52356686905941,6.6,-0.0764331309405897
1993-12-01,6.1,6.44893128622218,6.5,-0.0510687137778199
1994-01-01,7.3,6.62951968383927,6.6,0.0295196838392702
1994-02-01,7.1,6.53594214901315,6.6,-0.0640578509868499
1994-03-01,6.8,6.50002426296201,6.5,2.42629620101908e-05
1994-04-01,6.2,6.36279071964876,6.4,-0.0372092803512407
1994-05-01,5.9,6.10758214986621,6.1,0.00758214986621031
1994-06-01,6.2,6.0127483706419,6.1,-0.0872516293581
1994-07-01,6.2,6.06028457490215,6.1,-0.0397154250978495
1994-08-01,5.9,6.01927585097867,6,0.0192758509786701
1994-09-01,5.6,5.85248127519576,5.9,-0.0475187248042408
1994-10-01,5.4,5.78924146003359,5.8,-0.0107585399664094
1994-11-01,5.3,5.62516246515405,5.6,0.0251624651540503
1994-12-01,5.1,5.45375388920944,5.5,-0.0462461107905598
1995-01-01,6.2,5.54619547415446,5.6,-0.05380452584554
1995-02-01,5.9,5.36676755522018,5.4,-0.03323244477982
1995-03-01,5.7,5.40964765126341,5.4,0.00964765126340961
1995-04-01,5.6,5.76614949989721,5.8,-0.0338505001027896
1995-05-01,5.5,5.70855035287128,5.6,0.108550352871281
1995-06-01,5.8,5.61550611324179,5.6,0.0155061132417904
1995-07-01,5.9,5.74423843134929,5.7,0.0442384313492896
1995-08-01,5.6,5.70301096234404,5.7,0.00301096234403975
1995-09-01,5.4,5.63963592767274,5.6,0.03963592767274
1995-10-01,5.2,5.58191063542107,5.5,0.0819106354210701
1995-11-01,5.3,5.61880655029975,5.6,0.0188065502997503
1995-12-01,5.2,5.54302217552195,5.6,-0.0569778244780492
1996-01-01,6.3,5.65985485769183,5.6,0.0598548576918301
1996-02-01,6,5.57346144370678,5.5,0.0734614437067798
1996-03-01,5.8,5.51061343360371,5.5,0.0106134336037096
1996-04-01,5.4,5.58136404733813,5.6,-0.01863595266187
1996-05-01,5.4,5.61619280910399,5.6,0.0161928091039902
1996-06-01,5.5,5.31554340348385,5.3,0.01554340348385
1996-07-01,5.6,5.43918356499123,5.5,-0.0608164350087703
1996-08-01,5.1,5.19063468955022,5.1,0.0906346895502201
1996-09-01,5,5.22827389313716,5.2,0.0282738931371602
1996-10-01,4.9,5.27444716121243,5.2,0.0744471612124302
1996-11-01,5,5.31255243261527,5.4,-0.0874475673847304
1996-12-01,5,5.32975086920461,5.4,-0.0702491307953901
1997-01-01,5.9,5.27712388036322,5.3,-0.0228761196367797
1997-02-01,5.7,5.20333140627558,5.2,0.0033314062755796
1997-03-01,5.5,5.21010794478466,5.2,0.0101079447846599
1997-04-01,4.8,5.00065740486431,5.1,-0.0993425951356892
1997-05-01,4.7,4.92884063946357,4.9,0.0288406394635699
1997-06-01,5.2,5.01155578186414,5,0.0115557818641401
1997-07-01,5,4.83310260122791,4.9,-0.06689739877209
1997-08-01,4.8,4.86998121420805,4.8,0.0699812142080498
1997-09-01,4.7,4.91315502913742,4.9,0.0131550291374198
1997-10-01,4.4,4.7634353579047,4.7,0.0634353579046998
1997-11-01,4.3,4.60617283112955,4.6,0.00617283112955036
1997-12-01,4.4,4.72130606479104,4.7,0.0213060647910401
1998-01-01,5.2,4.59948441829813,4.6,-0.000515581701869827
1998-02-01,5,4.52237281208014,4.6,-0.0776271879198598
1998-03-01,5,4.71804675329232,4.7,0.0180467532923201
1998-04-01,4.1,4.31496485486793,4.3,0.0149648548679302
1998-05-01,4.2,4.43971040425669,4.4,0.0397104042566898
1998-06-01,4.7,4.50749903221667,4.5,0.00749903221667036
1998-07-01,4.7,4.52561239599252,4.5,0.0256123959925203
1998-08-01,4.5,4.54852547571453,4.5,0.0485254757145297
1998-09-01,4.4,4.60284784375566,4.6,0.00284784375566005
1998-10-01,4.2,4.55355717910166,4.5,0.0535571791016602
1998-11-01,4.1,4.39631272429283,4.4,-0.0036872757071702
1998-12-01,4,4.31424324496449,4.4,-0.0857567550355105
1999-01-01,4.8,4.21868845545348,4.3,-0.0813115445465202
1999-02-01,4.7,4.23687284234876,4.4,-0.163127157651241
1999-03-01,4.4,4.13014102597106,4.2,-0.0698589740289401
1999-04-01,4.1,4.318601716111,4.3,0.0186017161110001
1999-05-01,4,4.24519710662882,4.2,0.0451971066288195
1999-06-01,4.5,4.30575497198417,4.3,0.00575497198417008
1999-07-01,4.5,4.32085525645448,4.3,0.0208552564544799
1999-08-01,4.2,4.23369996829667,4.2,0.0336999682966699
1999-09-01,4.1,4.30591710888633,4.2,0.10591710888633
1999-10-01,3.8,4.15105577649006,4.1,0.0510557764900605
1999-11-01,3.8,4.08452586346823,4.1,-0.0154741365317692
1999-12-01,3.7,4.00407433126333,4,0.00407433126332979
2000-01-01,4.5,3.92886215598724,4,-0.0711378440127599
2000-02-01,4.4,4.03182333893005,4.1,-0.0681766610699492
2000-03-01,4.3,4.03699414352378,4,0.0369941435237804
2000-04-01,3.7,3.91605896492062,3.8,0.11605896492062
2000-05-01,3.8,4.05135011870255,4,0.0513501187025502
2000-06-01,4.1,3.9063077985289,4,-0.0936922014711001
2000-07-01,4.2,4.0232257855746,4,0.0232257855746001
2000-08-01,4.1,4.12616679636425,4.1,0.02616679636425
2000-09-01,3.8,4.01882236657742,3.9,0.11882236657742
2000-10-01,3.6,3.95229680405313,3.9,0.05229680405313
2000-11-01,3.7,3.97008059889865,3.9,0.0700805988986501
2000-12-01,3.7,3.98668664975924,3.9,0.08668664975924
2001-01-01,4.7,4.13247831125896,4.2,-0.0675216887410404
2001-02-01,4.6,4.1504907517405,4.2,-0.0495092482595005
2001-03-01,4.5,4.24088937027134,4.3,-0.0591106297286599
2001-04-01,4.2,4.41450886767756,4.4,0.0145088676775593
2001-05-01,4.1,4.35770045518565,4.3,0.0577004551856506
2001-06-01,4.7,4.50450535860423,4.5,0.00450535860422985
2001-07-01,4.7,4.5286383885583,4.6,-0.0713616114416995
2001-08-01,4.9,4.92809144597157,4.9,0.0280914459715698
2001-09-01,4.7,4.93516982259685,5,-0.0648301774031497
2001-10-01,5,5.35533179868124,5.3,0.0553317986812401
2001-11-01,5.3,5.55655849054673,5.5,0.0565584905467302
2001-12-01,5.4,5.66848423911207,5.7,-0.0315157608879302
2002-01-01,6.3,5.73473103128111,5.7,0.03473103128111
2002-02-01,6.1,5.65242041956297,5.7,-0.0475795804370298
2002-03-01,6.1,5.8436998288637,5.7,0.1436998288637
2002-04-01,5.7,5.91263899539336,5.9,0.0126389953933597
2002-05-01,5.5,5.75533869791582,5.8,-0.0446613020841795
2002-06-01,6,5.79222894671195,5.8,-0.0077710532880495
2002-07-01,5.9,5.72026627854872,5.8,-0.0797337214512801
2002-08-01,5.7,5.72982220668659,5.7,0.0298222066865899
2002-09-01,5.4,5.64500299501025,5.7,-0.0549970049897501
2002-10-01,5.3,5.66234796466284,5.7,-0.0376520353371603
2002-11-01,5.6,5.85481099969965,5.9,-0.0451890003003506
2002-12-01,5.7,5.96466298703153,6,-0.03533701296847
2003-01-01,6.5,5.95011029071937,5.8,0.15011029071937
2003-02-01,6.4,5.95855050939714,5.9,0.0585505093971399
2003-03-01,6.2,5.95524460994712,5.9,0.0552446099471195
2003-04-01,5.8,6.02044400042816,6,0.0204440004281601
2003-05-01,5.8,6.0496439179127,6.1,-0.0503560820872995
2003-06-01,6.5,6.28200637821356,6.3,-0.0179936217864398
2003-07-01,6.3,6.10102282516185,6.2,-0.0989771748381498
2003-08-01,6,6.02365144373354,6.1,-0.0763485562664599
2003-09-01,5.8,6.03984211594183,6.1,-0.06015788405817
2003-10-01,5.6,5.95910490768567,6,-0.0408950923143303
2003-11-01,5.6,5.8509684414424,5.8,0.0509684414424001
2003-12-01,5.4,5.66059596055103,5.7,-0.0394040394489705
2004-01-01,6.3,5.76667658581145,5.7,0.0666765858114502
2004-02-01,6,5.6482798760558,5.6,0.0482798760558003
2004-03-01,6,5.7709025040443,5.8,-0.0290974959556998
2004-04-01,5.4,5.63301493321598,5.6,0.0330149332159806
2004-05-01,5.3,5.54623491526069,5.6,-0.0537650847393101
2004-06-01,5.8,5.58676433947945,5.6,-0.0132356605205493
2004-07-01,5.7,5.48623190591962,5.5,-0.0137680940803797
2004-08-01,5.4,5.42012637820039,5.4,0.0201263782003895
2004-09-01,5.1,5.33372430940199,5.4,-0.06627569059801
2004-10-01,5.1,5.45439836845693,5.5,-0.0456016315430698
2004-11-01,5.2,5.44814072955818,5.4,0.0481407295581793
2004-12-01,5.1,5.34881259865841,5.4,-0.0511874013415907
2005-01-01,5.7,5.17865471868578,5.3,-0.12134528131422
2005-02-01,5.8,5.36199370833398,5.4,-0.0380062916660204
2005-03-01,5.4,5.18660565683747,5.2,-0.0133943431625303
2005-04-01,4.9,5.14349976195875,5.2,-0.0565002380412505
2005-05-01,4.9,5.14181780997028,5.1,0.0418178099702802
2005-06-01,5.2,4.99510372652215,5,-0.00489627347784971
2005-07-01,5.2,4.9701671274341,5,-0.0298328725659003
2005-08-01,4.9,4.91287985588598,4.9,0.0128798558859797
2005-09-01,4.8,5.02634766578156,5,0.02634766578156
2005-10-01,4.6,4.95524225065977,5,-0.0447577493402296
2005-11-01,4.8,5.05225208699176,5,0.0522520869917598
2005-12-01,4.6,4.83583496777615,4.9,-0.0641650322238503
2006-01-01,5.1,4.5846999597238,4.7,-0.115300040276201
2006-02-01,5.1,4.66538662429996,4.8,-0.13461337570004
2006-03-01,4.8,4.60233407188395,4.7,-0.0976659281160499
2006-04-01,4.5,4.75530716085462,4.7,0.0553071608546194
2006-05-01,4.4,4.6372911249856,4.6,0.0372911249856003
2006-06-01,4.8,4.6000895623322,4.6,8.95623322003658e-05
2006-07-01,5,4.75433136516548,4.7,0.0543313651654795
2006-08-01,4.6,4.60135755791971,4.7,-0.0986424420802905
2006-09-01,4.4,4.62163983400821,4.5,0.12163983400821
2006-10-01,4.1,4.45925076850349,4.4,0.0592507685034898
2006-11-01,4.3,4.56768371024744,4.5,0.0676837102474401
2006-12-01,4.3,4.52422377021876,4.4,0.12422377021876
2007-01-01,5,4.47908977516128,4.6,-0.120910224838719
2007-02-01,4.9,4.46628486299363,4.5,-0.0337151370063697
2007-03-01,4.5,4.30820303189258,4.4,-0.0917969681074204
2007-04-01,4.3,4.57230701610492,4.5,0.0723070161049204
2007-05-01,4.3,4.53275857865781,4.4,0.13275857865781
2007-06-01,4.7,4.50188915801127,4.6,-0.0981108419887295
2007-07-01,4.9,4.6469160582147,4.7,-0.0530839417853004
2007-08-01,4.6,4.58984880752299,4.6,-0.0101511924770099
2007-09-01,4.5,4.72301096765491,4.7,0.0230109676549102
2007-10-01,4.4,4.76189905910507,4.7,0.0618990591050697
2007-11-01,4.5,4.78888998904232,4.7,0.08888998904232
2007-12-01,4.8,5.01755110207443,5,0.0175511020744299
2008-01-01,5.4,4.86702476710264,5,-0.13297523289736
2008-02-01,5.2,4.84809276643809,4.9,-0.0519072335619102
2008-03-01,5.2,5.0014838496988,5.1,-0.0985161503012
2008-04-01,4.8,5.09039547784654,5,0.0903954778465401
2008-05-01,5.2,5.42868011535163,5.4,0.0286801153516301
2008-06-01,5.7,5.50083646756705,5.6,-0.0991635324329501
2008-07-01,6,5.74577132849431,5.8,-0.0542286715056894
2008-08-01,6.1,6.07959591974621,6.1,-0.0204040802537895
2008-09-01,6,6.2314208207548,6.1,0.1314208207548
2008-10-01,6.1,6.46525405373935,6.5,-0.0347459462606503
2008-11-01,6.5,6.81184884601527,6.8,0.0118488460152699
2008-12-01,7.1,7.32310588574841,7.3,0.0231058857484099
2009-01-01,8.5,7.95890286119217,7.8,0.15890286119217
2009-02-01,8.9,8.4561057473952,8.3,0.1561057473952
2009-03-01,9,8.79280242594648,8.7,0.0928024259464806
2009-04-01,8.6,8.9026885722599,9,-0.0973114277401006
2009-05-01,9.1,9.32729818553068,9.4,-0.0727018144693208
2009-06-01,9.7,9.49436733945665,9.5,-0.0056326605433501
2009-07-01,9.7,9.43520232006909,9.5,-0.0647976799309102
2009-08-01,9.6,9.56135154715658,9.6,-0.0386484528434199
2009-09-01,9.5,9.72592094028693,9.8,-0.0740790597130712
2009-10-01,9.5,9.85230419116215,10,-0.147695808837851
2009-11-01,9.4,9.71770815731949,9.9,-0.18229184268051
2009-12-01,9.7,9.92507754179573,9.9,0.0250775417957296
2010-01-01,10.6,10.0613718913882,9.8,0.261371891388199
2010-02-01,10.4,9.96716622954307,9.8,0.167166229543069
2010-03-01,10.2,10.0045083426874,9.9,0.104508342687399
2010-04-01,9.5,9.82444343453229,9.9,-0.0755565654677106
2010-05-01,9.3,9.54145153756621,9.6,-0.0585484624337891
2010-06-01,9.6,9.39444233126202,9.4,-0.00555766873798014
2010-07-01,9.7,9.42098148257607,9.4,0.0209814825760688
2010-08-01,9.5,9.44072558305777,9.5,-0.0592744169422303
2010-09-01,9.2,9.41614757366128,9.5,-0.0838524263387193
2010-10-01,9,9.33356536937665,9.4,-0.0664346306233501
2010-11-01,9.3,9.61623385954195,9.8,-0.183766140458051
2010-12-01,9.1,9.32538300158448,9.3,0.0253830015844798
2011-01-01,9.8,9.27421981039138,9.1,0.17421981039138
2011-02-01,9.5,9.08513387486935,9,0.0851338748693493
2011-03-01,9.2,9.02526543406361,9,0.0252654340636091
2011-04-01,8.7,9.04640443391697,9.1,-0.053595566083029
2011-05-01,8.7,8.94853486576633,9,-0.0514651342336698
2011-06-01,9.3,9.08547260707546,9.1,-0.0145273929245402
2011-07-01,9.3,8.99625763281616,9,-0.00374236718383969
2011-08-01,9.1,9.01528343374376,9,0.0152834337437593
2011-09-01,8.8,9.00650371720299,9,0.0065037172029907
2011-10-01,8.5,8.81463662836899,8.8,0.01463662836899
2011-11-01,8.2,8.52062572780341,8.6,-0.0793742721965902
2011-12-01,8.3,8.52748927323268,8.5,0.0274892732326801
2012-01-01,8.8,8.28882733593136,8.3,-0.0111726640686403
2012-02-01,8.7,8.38720447401923,8.3,0.087204474019229
2012-03-01,8.4,8.24236632931736,8.2,0.0423663293173604
2012-04-01,7.7,8.06478872979535,8.2,-0.13521127020465
2012-05-01,7.9,8.14926226480624,8.2,-0.0507377351937599
2012-06-01,8.4,8.17868410290579,8.2,-0.02131589709421
2012-07-01,8.6,8.27991177224239,8.2,0.0799117722423901
2012-08-01,8.2,8.09963784631827,8.1,-0.000362153681729538
2012-09-01,7.6,7.80432964901907,7.8,0.00432964901906985
2012-10-01,7.5,7.79967568243987,7.8,-0.000324317560130183
2012-11-01,7.4,7.72353813779136,7.7,0.0235381377913599
2012-12-01,7.6,7.82857127724643,7.9,-0.0714287227535699
2013-01-01,8.5,7.99994549099067,8,-5.45090093302392e-05
2013-02-01,8.1,7.71163439387839,7.7,0.0116343938783894
2013-03-01,7.6,7.44900236090252,7.5,-0.0509976390974796
2013-04-01,7.1,7.47212458900799,7.6,-0.12787541099201
2013-05-01,7.3,7.54631968862427,7.5,0.0463196886242701
2013-06-01,7.8,7.57927865292531,7.5,0.0792786529253098
2013-07-01,7.7,7.37472291397753,7.3,0.0747229139775305
2013-08-01,7.3,7.18860088968969,7.2,-0.0113991103103102
2013-09-01,7,7.20146695217531,7.2,0.0014669521753099
2013-10-01,7,7.28465912185365,7.2,0.0846591218536501
2013-11-01,6.6,6.91728384720875,6.9,0.0172838472087493
2013-12-01,6.5,6.73046642645737,6.7,0.0304664264573695
2014-01-01,7,6.51484631838875,6.6,-0.0851536816112493
2014-02-01,7,6.62527603878426,6.7,-0.0747239612157404
2014-03-01,6.8,6.65038911193355,6.7,-0.0496108880664501
2014-04-01,5.9,6.26899148515037,6.2,0.0689914851503701
2014-05-01,6.1,6.34620003861717,6.3,0.0462000386171706
2014-06-01,6.3,6.08741846502022,6.1,-0.0125815349797795
2014-07-01,6.5,6.17701838142364,6.2,-0.0229816185763605
2014-08-01,6.3,6.18096129819726,6.1,0.0809612981972601
2014-09-01,5.7,5.89825123103653,5.9,-0.00174876896347076
2014-10-01,5.5,5.7773512639418,5.7,0.0773512639418001
2014-11-01,5.5,5.8086060072837,5.8,0.0086060072837002
2014-12-01,5.4,5.62624927578209,5.6,0.0262492757820905
2015-01-01,6.1,5.6242514460143,5.7,-0.0757485539856999
2015-02-01,5.8,5.43648401286842,5.5,-0.0635159871315798
2015-03-01,5.6,5.45342613104586,5.4,0.0534261310458595
2015-04-01,5.1,5.45833140052169,5.4,0.0583314005216895
2015-05-01,5.3,5.55168100126251,5.6,-0.0483189987374892
2015-06-01,5.5,5.29289769022571,5.3,-0.00710230977428949
2015-07-01,5.6,5.28366315058936,5.2,0.0836631505893601
2015-08-01,5.2,5.07760975415751,5.1,-0.0223902458424901
2015-09-01,4.9,5.0933948208977,5,0.0933948208977
2015-10-01,4.8,5.07077947388172,5,0.0707794738817196
2015-11-01,4.8,5.10329149943436,5.1,0.00329149943436047
2015-12-01,4.8,5.01724902745911,5,0.0172490274591102
2016-01-01,5.3,4.82704776895391,4.8,0.0270477689539099
2016-02-01,5.2,4.93023070388232,4.9,0.03023070388232
2016-03-01,5.1,4.95928856603816,5,-0.0407114339618397
2016-04-01,4.7,5.05012114021399,5.1,-0.04987885978601
2016-05-01,4.5,4.76635435362359,4.8,-0.0336456463764101
2016-06-01,5.1,4.89700845434652,4.9,-0.00299154565348037
2016-07-01,5.1,4.79129461232917,4.8,-0.00870538767082962
2016-08-01,5,4.87418130925135,4.9,-0.0258186907486504
2016-09-01,4.8,4.98849598890318,5,-0.0115040110968199
2016-10-01,4.7,4.96465290772493,4.9,0.0646529077249296
2016-11-01,4.4,4.69926947632493,4.7,-0.000730523675070316
2016-12-01,4.5,4.70564993488921,4.7,0.00564993488920962
2017-01-01,5.1,4.62293786193534,4.7,-0.0770621380646599
2017-02-01,4.9,4.54460999948575,4.6,-0.05539000051425
2017-03-01,4.6,4.46312486853431,4.4,0.0631248685343095
2017-04-01,4.1,4.44720100205684,4.4,0.0472010020568394
2017-05-01,4.1,4.37807374157741,4.4,-0.0219262584225905
2017-06-01,4.5,4.30000242412617,4.3,2.42412617001975e-06
2017-07-01,4.6,4.29803833630174,4.3,-0.00196166369825956
2017-08-01,4.5,4.37236505034043,4.4,-0.0276349496595705
2017-09-01,4.1,4.29310011388054,4.3,-0.00689988611946024
2017-10-01,3.9,4.16880059030949,4.2,-0.0311994096905099
2017-11-01,3.9,4.19676202075928,4.2,-0.00323797924072
2017-12-01,3.9,4.09533010015711,4.1,-0.00466989984288979
2018-01-01,4.5,4.01402592882947,4,0.0140259288294704
2018-02-01,4.4,4.04342765236395,4.1,-0.0565723476360498
2018-03-01,4.1,3.96200564316756,4,-0.0379943568324399
2018-04-01,3.7,4.04697449707795,4,0.04697449707795
2018-05-01,3.6,3.88204209143404,3.8,0.0820420914340403
2018-06-01,4.2,4.00061102445707,4,0.000611024457070286
2018-07-01,4.1,3.80070568754463,3.8,0.000705687544630074
2018-08-01,3.9,3.7735747619385,3.8,-0.0264252380615
2018-09-01,3.6,3.80329252051217,3.7,0.10329252051217
2018-10-01,3.5,3.77514146895832,3.8,-0.02485853104168
2018-11-01,3.5,3.79549609290609,3.8,-0.00450390709390991
2018-12-01,3.7,3.88744445598032,3.9,-0.0125555440196798
2019-01-01,4.4,3.90468638481657,4,-0.09531361518343
2019-02-01,4.1,3.74185066665755,3.8,-0.0581493333424499
2019-03-01,3.9,3.75905616797916,3.8,-0.0409438320208397
2019-04-01,3.3,3.64880805440427,3.7,-0.0511919455957304
2019-05-01,3.4,3.68317476615641,3.6,0.08317476615641
2019-06-01,3.8,3.60222204903415,3.6,0.0022220490341498
2019-07-01,4,3.69984149588819,3.7,-0.000158504111810398
2019-08-01,3.8,3.67245053186053,3.6,0.0724505318605297
2019-09-01,3.3,3.51145609555369,3.5,0.0114560955536902
2019-10-01,3.3,3.57798495114476,3.6,-0.02201504885524
2019-11-01,3.3,3.59505980834378,3.6,-0.00494019165622017
2019-12-01,3.4,3.58554547841885,3.6,-0.01445452158115
