"lag","rho_log_level","rho_deviations","band"
1,0.966201173180821,0.87505063613911,0.237684912535606
2,0.931232699255511,0.722757680307816,0.237684912535606
3,0.892894003097108,0.558195865641326,0.237684912535606
4,0.850195752115688,0.437963088072987,0.237684912535606
5,0.806213750552266,0.333016948593838,0.237684912535606
6,0.761763510995444,0.234198788161099,0.237684912535606
7,0.716594412722624,0.13802743428884,0.237684912535606
8,0.670161641230904,0.0644948599822681,0.237684912535606
9,0.625572961666308,-0.0104136831329865,0.237684912535606
10,0.582090040847515,-0.0954385703100535,0.237684912535606
11,0.539321253098257,-0.189523512761697,0.237684912535606
12,0.497604062604783,-0.269696777185321,0.237684912535606
13,0.455112579244788,-0.308780760282801,0.237684912535606
14,0.413827800349038,-0.320486243428593,0.237684912535606
15,0.374308947249186,-0.320595694101021,0.237684912535606
16,0.336733138100712,-0.323394672440907,0.237684912535606
