"lag","acf","pacf","band"
1,0.302286260187486,0.302286260187486,0.239452110938358
2,0.294113716906121,0.223125245604339,0.239452110938358
3,0.0663005565488333,-0.0813266303037031,0.239452110938358
4,0.143465257908485,0.0933157933507612,0.239452110938358
5,-0.0196214557219113,-0.0810521484745309,0.239452110938358
6,0.0672308681012161,0.0459674553464624,0.239452110938358
7,-0.045535365037927,-0.0489099577888234,0.239452110938358
8,-0.0808951415971893,-0.113033344670641,0.239452110938358
9,0.0245955963004938,0.133829815475751,0.239452110938358
10,0.046437945484796,0.0423022778371724,0.239452110938358
11,-0.146188527050326,-0.233856126415869,0.239452110938358
12,-0.169340228943499,-0.105492647781867,0.239452110938358
13,-0.174209458151114,-0.0449348487112423,0.239452110938358
14,-0.0416262166304289,0.108132388845988,0.239452110938358
15,-0.0974541961164565,-0.0501371123864922,0.239452110938358
16,0.0251744972278997,0.0310431309343405,0.239452110938358
