"t","y_realised","single_origin","one_step","two_step","e_single","e_one","e_two","e_mean"
61,0.33310117574792,1.08623716416535,1.08623716416535,0.615739796292468,-0.753135988417429,-0.753135988417429,-0.282638620544549,0.33310117574792
62,0.739386259871323,0.760366014915744,0.233170823023544,0.760366014915744,-0.0209797550444215,0.506215436847779,-0.0209797550444215,0.739386259871323
63,-0.701340531514203,0.532256210441021,0.517570381909926,0.163219576116481,-1.23359674195522,-1.21891091342413,-0.864560107630684,-0.701340531514203
64,-1.28492718216888,0.372579347308715,-0.490938372059942,0.362299267336948,-1.6575065294776,-0.793988810108939,-1.64722644950583,-1.28492718216888
65,-1.64151504862448,0.2608055431161,-0.899449027518217,-0.34365686044196,-1.90232059174058,-0.742066021106263,-1.29785818818252,-1.64151504862448
66,0.321849334384471,0.18256388018127,-1.14906053403714,-0.629614319262752,0.139285454203201,1.47090986842161,0.951463653647223,0.321849334384471
67,-1.35492045920546,0.127794716126889,0.22529453406913,-0.804342373825995,-1.48271517533235,-1.58021499327459,-0.550578085379469,-1.35492045920546
68,-3.17825975745104,0.0894563012888223,-0.948444321443825,0.157706173848391,-3.26771605873986,-2.22981543600722,-3.33596593129943,-3.17825975745104
69,-3.10213041046372,0.0626194109021756,-2.22478183021573,-0.663911025010677,-3.16474982136589,-0.877348580247988,-2.43821938545304,-3.10213041046372
70,-1.54199007952872,0.0438335876315229,-2.1714912873246,-1.55734728115101,-1.58582366716024,0.629501207795886,0.015357201622294,-1.54199007952872
71,-1.69064659039394,0.0306835113420661,-1.0793930556701,-1.52004390112722,-1.721330101736,-0.611253534723835,-0.170602689266715,-1.69064659039394
72,0.555860411866599,0.0214784579394462,-1.18345261327576,-0.755575138969071,0.534381953927153,1.73931302514235,1.31143555083567,0.555860411866599
73,0.900036343820219,0.0150349205576124,0.389102288306619,-0.828416829293028,0.885001423262606,0.5109340555136,1.72845317311325,0.900036343820219
74,0.283666119953091,0.0105244443903287,0.630025440674153,0.272371601814633,0.273141675562762,-0.346359320721062,0.0112945181384576,0.283666119953091
75,0.793538611587531,0.00736711107323006,0.198566283967164,0.441017808471907,0.786171500514301,0.594972327620368,0.352520803115624,0.793538611587531
76,1.50369907337753,0.00515697775126104,0.555477028111272,0.138996398777015,1.49854209562627,0.948222045266258,1.36470267460051,1.50369907337753
77,0.0936663027343713,0.00360988442588273,1.05258935136427,0.38883391967789,0.0900564183084885,-0.958923048629899,-0.295167616943519,0.0936663027343713
78,1.73695473919244,0.00252691909811791,0.0655664119140599,0.736812545954989,1.73442782009432,1.67138832727838,1.00014219323745,1.73695473919244
79,0.620501258825125,0.00176884336868254,1.21586831743471,0.0458964883398419,0.618732415456443,-0.595367058609584,0.574604770485283,0.620501258825125
80,-0.439386203775299,0.00123819035807778,0.434350881177588,0.851107822204296,-0.440624394133377,-0.873737084952887,-1.2904940259796,-0.439386203775299
