"t","y"
1,0.632136966687865
2,-0.771947119945743
3,-0.608441319758841
4,-1.82602113286786
5,0.34367859634428
6,-1.43153143310883
7,0.068480170202315
8,0.0174694247174818
9,-0.106536261737239
10,1.15614339954538
11,0.870198034468458
12,-0.0858215150414084
13,0.494845510848929
14,0.106561205720657
15,0.0222069868093574
16,1.02953394040403
17,-1.41734876441432
18,-1.8839297725665
19,-1.59013813084252
20,-1.47686397279724
21,-0.803908407529349
22,-0.135536065120745
23,-1.73840823698459
24,-1.01413348626398
25,-0.36767488319998
26,1.06722889453067
27,1.38543593479478
28,0.79160398732422
29,0.093960350502465
30,1.46859636558535
31,-0.219641874705316
32,0.356189265481819
33,0.276414209877048
34,1.64257888563911
35,1.79373477074077
36,2.75672387467304
37,2.80929905597512
38,1.28894039464598
39,-0.921987812204703
40,-1.08113296277226
41,-0.286213690735523
42,-0.771668622083351
43,-0.0475162570511836
44,-0.472738988113889
45,-0.491984632132796
46,-1.01638047174303
47,-0.733355627067672
48,-1.70918512375243
49,-0.4103750552431
50,0.315280579434359
51,0.798096412166442
52,0.783938878903931
53,0.414188983867646
54,1.39279819626145
55,1.104003943346
56,0.603782893292922
57,0.197602892921279
58,1.50488269431989
59,1.2566118291683
60,1.55176737737907
