"h","point","var","sd","lo80","hi80","lo95","hi95","y_realised"
1,1.08623716416535,1,1,-0.193762835834651,2.36623716416535,-0.873762835834651,3.04623716416535,0.33310117574792
2,0.760366014915744,1.49,1.22065556157337,-0.80207310389817,2.32280513372966,-1.63211888576806,3.15285091559955,0.739386259871323
3,0.532256210441021,1.7301,1.31533265754333,-1.15136959121444,2.21588201209648,-2.04579579834391,3.11030821922595,-0.701340531514203
4,0.372579347308715,1.847749,1.35931931495142,-1.3673493758291,2.11250807044653,-2.29168650999607,3.0368452046135,-1.28492718216888
5,0.2608055431161,1.90539701,1.38036118824024,-1.5060567778314,2.0276678640636,-2.44470238583476,2.96631347206697,-1.64151504862448
6,0.18256388018127,1.9336445349,1.39055547710259,-1.59734713051004,1.96247489087258,-2.5429248549398,2.90805261530234,0.321849334384471
7,0.127794716126889,1.947485822101,1.39552349392656,-1.65847535609911,1.91406478835289,-2.60743133196917,2.86302076422295,-1.35492045920546
8,0.0894563012888223,1.95426805282949,1.39795137713351,-1.69992146144208,1.87883406401972,-2.65052839789287,2.82944100047051,-3.17825975745104
9,0.0626194109021756,1.95759134588645,1.39913950193912,-1.7282791515799,1.85351797338425,-2.6796940128985,2.80493283470285,-3.10213041046372
10,0.0438335876315229,1.95921975948436,1.39972131493536,-1.74780969548573,1.83547687074878,-2.69962018964177,2.78728736490482,-1.54199007952872
11,0.0306835113420661,1.96001768214734,1.40000631503838,-1.76132457190706,1.82269159459119,-2.71332886613315,2.77469588881729,-1.69064659039394
12,0.0214784579394462,1.96040866425219,1.40014594391163,-1.77070835026744,1.81366526614634,-2.72280759212735,2.76576450800624,0.555860411866599
13,0.0150349205576124,1.96060024548358,1.40021435697666,-1.77723945637252,1.80730929748774,-2.72938521911665,2.75945506023188,0.900036343820219
14,0.0105244443903287,1.96069412028695,1.40024787815835,-1.78179283965235,1.80284172843301,-2.73396139680003,2.75501028558069,0.283666119953091
15,0.00736711107323006,1.96074011894061,1.40026430324443,-1.78497119707964,1.7997054192261,-2.73715092328585,2.75188514543231,0.793538611587531
16,0.00515697775126104,1.9607626582809,1.40027235146628,-1.78719163212557,1.7975055876281,-2.73937683112264,2.74969078662516,1.50369907337753
17,0.00360988442588273,1.96077370255764,1.4002762950781,-1.78874377327408,1.79596354212585,-2.74093165392719,2.74815142277895,0.0936663027343713
18,0.00252691909811791,1.96077911425324,1.40027822744383,-1.78982921202999,1.79488305022622,-2.7420184066918,2.74707224488803,1.73695473919244
19,0.00176884336868254,1.96078176598409,1.40027917430207,-1.79058849973797,1.79412618647533,-2.74277833826338,2.74631602500074,0.620501258825125
20,0.00123819035807778,1.9607830653322,1.40027963826237,-1.79111974661776,1.79359612733392,-2.74330990063617,2.74578628135233,-0.439386203775299
