"id","test","specification","sample","T","n_reg","lag","statistic","cv_05","reject_05","reading"
"adf_bic_diff","ADF","drift; k chosen by BIC (max 8), regression on the full usable sample (primary)","1990 Q2 to 2006 Q4",67,65,1,-3.83251487269323,-2.89,TRUE,"reject a unit root"
"adf_aic_diff","ADF","drift; k chosen by AIC (max 8), regression on the full usable sample","1990 Q2 to 2006 Q4",67,65,1,-3.83251487269323,-2.89,TRUE,"reject a unit root"
"adf_k0_diff","ADF","drift; fixed k = 0","1990 Q2 to 2006 Q4",67,66,0,-5.88061970086968,-2.89,TRUE,"reject a unit root"
"adf_k1_diff","ADF","drift; fixed k = 1","1990 Q2 to 2006 Q4",67,65,1,-3.83251487269323,-2.89,TRUE,"reject a unit root"
"adf_k2_diff","ADF","drift; fixed k = 2","1990 Q2 to 2006 Q4",67,64,2,-4.35739543821259,-2.89,TRUE,"reject a unit root"
"adf_k4_diff","ADF","drift; fixed k = 4","1990 Q2 to 2006 Q4",67,62,4,-3.46966738133045,-2.89,TRUE,"reject a unit root"
"adf_k8_diff","ADF","drift; fixed k = 8","1990 Q2 to 2006 Q4",67,58,8,-2.16350783392412,-2.89,FALSE,"fail to reject a unit root"
"adf_bic_trimmed_max8_diff","ADF","drift; urca selectlags = BIC, max 8 (sample trimmed for 8 lags)","1990 Q2 to 2006 Q4",67,58,1,-3.78618768909728,-2.89,TRUE,"reject a unit root"
"adf_bic_trimmed_max4_diff","ADF","drift; urca selectlags = BIC, max 4 (sample trimmed for 4 lags)","1990 Q2 to 2006 Q4",67,62,1,-4.1111324221852,-2.89,TRUE,"reject a unit root"
"kpss_short_diff","KPSS","mu (level); short lag truncation","1990 Q2 to 2006 Q4",67,NA,3,0.213942376329327,0.463,FALSE,"fail to reject stationarity around a constant level"
"kpss_long_diff","KPSS","mu (level); long lag truncation","1990 Q2 to 2006 Q4",67,NA,10,0.166376779856019,0.463,FALSE,"fail to reject stationarity around a constant level"
"dfgls_k0_diff","DF-GLS (ERS)","constant; k = 0","1990 Q2 to 2006 Q4",67,NA,0,-5.27566459143536,-1.95,TRUE,"reject a unit root"
"dfgls_k1_diff","DF-GLS (ERS)","constant; k = 1","1990 Q2 to 2006 Q4",67,NA,1,-3.28113595227168,-1.95,TRUE,"reject a unit root"
"dfgls_k2_diff","DF-GLS (ERS)","constant; k = 2","1990 Q2 to 2006 Q4",67,NA,2,-3.36569785013796,-1.95,TRUE,"reject a unit root"
"dfgls_k4_diff","DF-GLS (ERS)","constant; k = 4","1990 Q2 to 2006 Q4",67,NA,4,-2.35212955807114,-1.95,TRUE,"reject a unit root"
"dfgls_k8_diff","DF-GLS (ERS)","constant; k = 8","1990 Q2 to 2006 Q4",67,NA,8,-1.31949842109355,-1.95,FALSE,"fail to reject a unit root"
"pp_short_diff","Phillips-Perron Z-tau","constant; short lag truncation","1990 Q2 to 2006 Q4",67,NA,3,-5.90405245215507,-2.90550404040404,TRUE,"reject a unit root"
"pp_long_diff","Phillips-Perron Z-tau","constant; long lag truncation","1990 Q2 to 2006 Q4",67,NA,10,-6.05533244251894,-2.90550404040404,TRUE,"reject a unit root"
