"key","value","note"
"T",67,"observations in the differenced series"
"mean_pct_per_quarter",0.467744468910817,"100 x mean of diff y: average growth, percent a quarter"
"mean_annual_pct",1.87097787564327,"400 x mean of diff y: average growth, percent a year"
"sd_dy_pct",0.535695790216431,"100 x sd of diff y, percent a quarter"
"sd_dy",0.00535695790216431,"sd of the first difference of log y"
"sd_d2y",0.00635303770091622,"sd of the second difference of log y"
"ratio_second_over_first",1.1859413153778,"sd(diff diff y) / sd(diff y): the rule of thumb on the differenced series"
"ratio_threshold",0.5,"the course threshold (notes 2.9)"
"rho1",0.302286260187486,"sample autocorrelation of diff y at lag 1"
"acf_band",0.239452110938358,"1.96 / sqrt(T)"
