"key","p","q","drift","fitted","k","loglik","AIC","AICc","BIC","HQIC","min_ar_root","min_ma_root","screened_out"
"arima010d",0,0,TRUE,TRUE,2,255.801941546291,-507.603883092583,-507.416383092583,-503.194497853801,-505.859078324918,NA,NA,FALSE
"arima010",0,0,FALSE,TRUE,1,236.599489956688,-471.198979913377,-471.137441451838,-468.994287293986,-470.326577529544,NA,NA,FALSE
"arima011d",0,1,TRUE,TRUE,3,257.879876528632,-509.759753057264,-509.378800676312,-503.145675199091,-507.142545905767,NA,5.02178044337603,FALSE
"arima011",0,1,FALSE,TRUE,2,244.331888495865,-484.66377699173,-484.47627699173,-480.254391752948,-482.918972224065,NA,2.79545001033226,FALSE
"arima012d",0,2,TRUE,TRUE,4,260.416293544386,-512.832587088773,-512.18742579845,-504.013816611209,-509.342977553443,NA,2.01830690565209,FALSE
"arima012",0,2,FALSE,TRUE,3,250.709358977482,-495.418717954964,-495.037765574011,-488.804640096791,-492.801510803466,NA,1.6845026651129,FALSE
"arima013d",0,3,TRUE,TRUE,5,260.46256665106,-510.925133302121,-509.941526744744,-499.901670205166,-506.563121382959,NA,2.0203889943208,FALSE
"arima013",0,3,FALSE,TRUE,4,252.247946504353,-496.495893008706,-495.850731718384,-487.677122531142,-493.006283473377,NA,1.47675258671811,FALSE
"arima014d",0,4,TRUE,TRUE,6,261.860324845638,-511.720649691275,-510.320649691275,-498.492493974929,-506.486235388281,NA,1.31492708809078,FALSE
"arima014",0,4,FALSE,TRUE,5,255.93919774741,-501.87839549482,-500.894788937443,-490.854932397865,-497.516383575658,NA,1.22017248342469,FALSE
"arima015d",0,5,TRUE,TRUE,7,261.958858639077,-509.917717278154,-508.019412193408,-494.484868942417,-503.810900591327,NA,1.26165226018563,FALSE
"arima015",0,5,FALSE,TRUE,6,256.124046574328,-500.248093148656,-498.848093148656,-487.01993743231,-495.013678845661,NA,1.25013921719653,FALSE
"arima110d",1,0,TRUE,TRUE,3,258.997785299417,-511.995570598834,-511.614618217881,-505.381492740661,-509.378363447337,3.32425595046669,NA,FALSE
"arima110",1,0,FALSE,TRUE,2,251.792986211561,-499.585972423123,-499.398472423123,-495.176587184341,-497.841167655458,1.66186868162025,NA,FALSE
"arima111d",1,1,TRUE,TRUE,4,260.281038799529,-512.562077599058,-511.916916308736,-503.743307121494,-509.072468063729,1.35250652562388,2.10018931313558,FALSE
"arima111",1,1,FALSE,TRUE,3,258.459788528677,-510.919577057354,-510.538624676401,-504.305499199181,-508.302369905856,1.05352409682085,1.49339489516249,FALSE
"arima112d",1,2,TRUE,TRUE,5,260.578836805807,-511.157673611614,-510.174067054236,-500.134210514659,-506.795661692452,1.97651016452553,2.70645647934801,FALSE
"arima112",1,2,FALSE,TRUE,4,258.466851463734,-508.933702927467,-508.288541637145,-500.114932449903,-505.444093392138,1.05613010914666,1.53610691221776,FALSE
"arima113d",1,3,TRUE,TRUE,6,260.868988140871,-509.737976281742,-508.337976281742,-496.509820565396,-504.503561978748,1.06017384938133,1.00000048983195,TRUE
"arima113",1,3,FALSE,TRUE,5,258.896087971669,-507.792175943338,-506.808569385961,-496.768712846383,-503.430164024176,1.0281638253356,1.20272637219467,FALSE
"arima114d",1,4,TRUE,TRUE,7,262.10310988367,-510.20621976734,-508.307914682594,-494.773371431603,-504.099403080513,2.58238170429712,1.20759580649609,FALSE
"arima114",1,4,FALSE,TRUE,6,259.03107637552,-506.06215275104,-504.66215275104,-492.833997034694,-500.827738448045,1.05622055323573,1.670980756219,FALSE
"arima210d",2,0,TRUE,TRUE,4,260.815919277939,-513.631838555877,-512.986677265555,-504.813068078314,-510.142229020548,1.63341095902225,NA,FALSE
"arima210",2,0,FALSE,TRUE,3,257.078973523836,-508.157947047672,-507.77699466672,-501.543869189499,-505.540739896175,1.21006172062504,NA,FALSE
"arima211d",2,1,TRUE,TRUE,5,261.279840492464,-512.559680984928,-511.576074427551,-501.536217887973,-508.197669065766,1.27722628618229,1.71398893586919,FALSE
"arima211",2,1,FALSE,TRUE,4,258.470015497364,-508.940030994728,-508.294869704405,-500.121260517164,-505.450421459398,1.05719526317405,1.55319075294176,FALSE
"arima212d",2,2,TRUE,TRUE,6,261.624383761908,-511.248767523816,-509.848767523816,-498.02061180747,-506.014353220821,1.07745104038268,1.00000334730489,TRUE
"arima212",2,2,FALSE,TRUE,5,259.239988841803,-508.479977683606,-507.496371126229,-497.456514586651,-504.117965764444,1.0607605694849,1.14627636197848,FALSE
"arima213d",2,3,TRUE,TRUE,7,261.456759516853,-508.913519033706,-507.01521394896,-493.480670697969,-502.806702346879,1.28481258228307,1.93204600597271,FALSE
"arima213",2,3,FALSE,TRUE,6,259.649466177656,-507.298932355312,-505.898932355312,-494.070776638966,-502.064518052317,1.03563201181093,1.27885917684819,FALSE
"arima310d",3,0,TRUE,TRUE,5,260.921476262227,-511.842952524454,-510.859345967077,-500.819489427499,-507.480940605292,2.02024620657173,NA,FALSE
"arima310",3,0,FALSE,TRUE,4,257.345438614134,-506.690877228269,-506.045715937946,-497.872106750705,-503.201267692939,1.16565651118776,NA,FALSE
"arima311d",3,1,TRUE,TRUE,6,261.339691436196,-510.679382872393,-509.279382872393,-497.451227156047,-505.444968569398,1.18782344123672,1.38600244176803,FALSE
"arima311",3,1,FALSE,TRUE,5,258.992461160398,-507.984922320795,-507.001315763418,-496.96145922384,-503.622910401633,1.0155135428698,1.09846428656869,FALSE
"arima312d",3,2,TRUE,TRUE,7,261.417505969901,-508.835011939802,-506.936706855056,-493.402163604065,-502.728195252975,1.20481293488686,1.45018614729934,FALSE
"arima312",3,2,FALSE,TRUE,6,259.580473190401,-507.160946380801,-505.760946380801,-493.932790664456,-501.926532077807,1.02899477808182,1.20973384266356,FALSE
"arima410d",4,0,TRUE,TRUE,6,261.361347312231,-510.722694624463,-509.322694624463,-497.494538908117,-505.488280321469,1.36333055309525,NA,FALSE
"arima410",4,0,FALSE,TRUE,5,259.258351053823,-508.516702107646,-507.533095550269,-497.493239010691,-504.154690188484,1.08853592064019,NA,FALSE
"arima411d",4,1,TRUE,TRUE,7,261.573458668818,-509.146917337636,-507.24861225289,-493.714069001899,-503.040100650809,1.28484150772129,2.29518399061718,FALSE
"arima411",4,1,FALSE,TRUE,6,259.258097355266,-506.516194710533,-505.116194710533,-493.288038994187,-501.281780407538,1.09182469119236,14.4102690913195,FALSE
"arima510d",5,0,TRUE,TRUE,7,261.593513667043,-509.187027334086,-507.28872224934,-493.754178998349,-503.080210647259,1.33709595844816,NA,FALSE
"arima510",5,0,FALSE,TRUE,6,259.258352907264,-506.516705814527,-505.116705814527,-493.288550098182,-501.282291511533,1.08848545922904,NA,FALSE
