"t","y","fc_mean","fc_median"
351,-1.22420330393619,-0.46942347935319,-0.860558080876175
352,1.79138184400769,-0.640562435137241,-1.03169703666023
353,0.676333090475928,1.10267122821441,0.711536626691425
354,6.34193596718325,0.458089686631941,0.0669550851089558
355,3.27840562244572,3.73323171490206,3.34209711337907
356,1.07773185040538,1.96228214337793,1.57114754185494
357,0.150487349557041,0.690128178801109,0.298993577278124
358,-0.655441365464235,0.15411153568339,-0.237023065839595
359,-1.22361840743199,-0.31177551354974,-0.702910115072725
360,-0.837005346501905,-0.640224321230428,-1.03135892275341
361,-0.906404361101263,-0.416733068474964,-0.807867669997949
362,-1.4252900290991,-0.456850887245732,-0.847985488768717
363,-1.60156605983556,-0.756805595704645,-1.14794019722763
364,-1.13578995731818,-0.858706320023881,-1.24984092154687
365,-1.51522447939126,-0.589452910931239,-0.980587512454224
366,-1.26844717679789,-0.808794431553375,-1.19992903307636
367,-1.47670393484518,-0.666138701362767,-1.05727330288575
368,-1.69233020704208,-0.786526676975413,-1.1776612784984
369,-0.269575102331126,-0.911174782717992,-1.30230938424098
370,-0.836548157214055,-0.0887159657522001,-0.479850567275185
371,-0.719319757595306,-0.416468778886707,-0.807603380409692
372,-1.29898916268585,-0.348701999807171,-0.739836601330156
373,-1.69732652580284,-0.683794252552162,-1.07492885407515
374,-1.42269351039405,-0.914063028490963,-1.30519763001395
375,-0.795808400414791,-0.75530461377507,-1.14643921529805
376,0.727223601020071,-0.392918153716113,-0.784052755239098
377,-0.538565269215886,0.487508206346495,0.0963736048235096
378,-0.462499394737123,-0.244212392156811,-0.635346993679796
379,-0.774339580649846,-0.200240629955345,-0.59137523147833
380,-0.562550859305592,-0.380507570863827,-0.771642172386812
381,-1.30034475676541,-0.258077856412807,-0.649212457935792
382,-0.446914213355618,-0.684577887275577,-1.07571248879856
383,-1.20218947815894,-0.191231229954749,-0.582365831477734
384,0.370172850752166,-0.627836798064706,-1.01897139958769
385,-0.559061627648373,0.281106179258531,-0.110028422264454
386,-1.23229925854108,-0.256060819656858,-0.647195421179843
387,-0.834499657859505,-0.645242502159665,-1.03637710368265
388,-0.264594793226171,-0.415284593112135,-0.80641919463512
389,1.76174597281947,-0.085836974757177,-0.476971576280162
390,0.636225825238877,1.08553947906341,0.694404877540423
391,1.08449909160894,0.434904688869941,0.0437700873469558
392,0.16566894729651,0.694040150141762,0.302905548618777
393,0.0640433053905906,0.162887634166615,-0.22824696735637
394,-0.926588431161783,0.104140415521202,-0.286994186001783
395,-1.42836997406908,-0.468518788719824,-0.859653390242809
396,2.03180488291402,-0.758586034156735,-1.14972063567972
397,0.276025631553793,1.24165371894347,0.850519117420489
398,-0.747914221550158,0.226682048031643,-0.164452553491342
399,-0.920391623643864,-0.365231737720749,-0.756366339243735
400,-0.919210764076012,-0.464936570695601,-0.856071172218586
401,-0.892983475211678,-0.464253945583266,-0.855388547106251
402,-1.27798755737604,-0.449092611844131,-0.840227213367116
403,-0.812499605667649,-0.671653754584319,-1.0627883561073
404,-0.905586962730919,-0.402566918201683,-0.793701519724668
405,-1.34193575223162,-0.456378369878241,-0.847512971401226
406,-0.843812787365449,-0.708620592035026,-1.09975519355801
407,-0.106657140142792,-0.420668278224453,-0.811802879747438
408,-0.709384941793724,0.00546279628507784,-0.385671805237907
409,-1.22194639460367,-0.34295893353815,-0.734093535061135
410,-0.0290469829304091,-0.639257772814484,-1.03039237433747
411,-0.713183237016235,0.0503272693585329,-0.340807332164452
412,-0.389606173989483,-0.345154632140706,-0.736289233663691
413,-1.08739829002011,-0.158102898800895,-0.54923750032388
414,-0.732542004482367,-0.561478909428672,-0.952613510951657
415,-1.17445581437061,-0.356345447014883,-0.747480048537868
416,0.846546151551282,-0.611804667001567,-1.00293926852455
417,-0.241332436147973,0.556485561214027,0.165350959691042
418,0.3459790752275,-0.0723895932513784,-0.463524194774363
419,0.276549425359236,0.267120368256998,-0.124014233265987
420,-0.303695299991568,0.226984840010482,-0.164149761512503
421,0.116939096472216,-0.108439990856399,-0.499574592379384
422,0.530278581339474,0.134718137302985,-0.25641646422
423,0.602527741015182,0.373659261185468,-0.0174753403375169
424,-0.459602368633315,0.415424676889759,0.024290075366774
425,-1.26050783232632,-0.198565932283083,-0.589700533806068
426,-1.6425333963046,-0.661549166705717,-1.0526837682287
427,-1.15983734320241,-0.882388503257661,-1.27352310478065
428,-1.05584756765522,-0.60335409777638,-0.994488699299365
429,-0.472595929887516,-0.54324023314157,-0.934374834664556
430,-1.07619894971836,-0.206077182098261,-0.597211783621246
431,-0.665960718877235,-0.555004853461572,-0.946139454984557
432,-0.563424851173115,-0.317856486258715,-0.7089910877817
433,-1.32390471614749,-0.258583089052648,-0.649717690575633
434,-1.71331608199483,-0.698197305162034,-1.08933190668502
435,-1.62172824060216,-0.923306187363442,-1.31444078888643
436,3.23495333104056,-0.870361567849625,-1.26149616937261
437,1.63845305525764,1.93716347041361,1.54602886889063
438,2.37550489596451,1.01426695522399,0.623132353701008
439,0.621983328338886,1.44033802180673,1.04920342028375
440,-0.205231513751382,0.426671460879952,0.0355368593569668
441,-0.133924910624747,-0.0515205611689345,-0.44265516269192
442,-0.707220739860043,-0.0103000136163772,-0.401434615139362
443,2.58210422760969,-0.341707863022812,-0.732842464545797
444,2.42414456771391,1.55976788104827,1.16863327952529
445,1.51357428899127,1.46845538842321,1.07732078690022
446,0.387980746284681,0.942077692273886,0.550943090750901
447,-0.61468390746456,0.291400474210505,-0.0997341273124796
448,1.90722516535679,-0.288214655761951,-0.679349257284936
449,0.443009927586972,1.1696373285044,0.778502726981418
450,0.297821715995712,0.323211455033993,-0.0679231464889923
451,-0.391178857276827,0.23928181433382,-0.151852787189165
452,-0.501472658364755,-0.159012027316188,-0.550146628839173
453,-1.20518298488192,-0.222770090008127,-0.613904691531112
454,-1.65609435586092,-0.629567268747827,-1.02070187027081
455,-1.25286517447981,-0.890227751710668,-1.28136235323365
456,-0.544255184379455,-0.657131139098504,-1.04826574062149
457,0.11768936298001,-0.247501588504495,-0.63863619002748
458,0.142861492669048,0.135151847435085,-0.2559827540879
459,-0.481444256072216,0.149703220286255,-0.24143138123673
460,-1.25024797223881,-0.211192176141789,-0.602326777664774
461,0.392075488822206,-0.65561820053883,-1.04675280206181
462,0.69040516411697,0.293767541523806,-0.0973670599991793
463,0.175889679310543,0.466224397237262,0.0750897957142769
464,1.17114053197316,0.168795981381783,-0.222338620141202
465,0.177596229199987,0.744125380063779,0.352990778540794
466,-0.721521398102837,0.169782494801076,-0.221352106721909
467,-1.08911951839214,-0.349974712617135,-0.74110931414012
468,-0.608719133469545,-0.562473908108277,-0.953608509631262
469,-0.0573856669015066,-0.284766570460999,-0.675901171983984
470,0.522676882817985,0.0339453913979042,-0.357189210125081
471,0.602376613455512,0.369264911130274,-0.0218696903927111
472,-0.630772458179474,0.415337313861838,0.0242027123388531
473,-1.21649952997641,-0.297515040869598,-0.688649642392583
474,-0.944233633283303,-0.636109077847462,-1.02724367937045
475,0.979379485970757,-0.47871903471714,-0.869853636240125
476,3.71041292247094,0.633273159247251,0.242138557724266
477,1.66125883405429,2.21201466004425,1.82088005852127
478,0.242837255002032,1.02745040034885,0.636315798825869
479,0.413847850847537,0.207496685192041,-0.183637916330944
480,0.539910520139524,0.306353594495686,-0.0847810070272992
481,1.96421647619411,0.379227241904248,-0.0119073596187371
482,1.43273287646715,1.20258256688969,0.811447965366708
483,0.0150858088007121,0.895345312058712,0.504210710535727
484,3.66099712443005,0.0758393223860634,-0.315295279136922
485,2.60054978605619,2.1834486344074,1.79231403288441
486,1.93223041609355,1.57043079283678,1.1792961913138
487,1.36919253577816,1.18409223284513,0.792957631322148
488,0.926368842291713,0.858614244807835,0.46747964328485
489,0.67525072696873,0.602629044077677,0.211494442554692
490,0.565866244299832,0.457463999606318,0.0663293980833327
491,-0.511937365423219,0.394231590942035,0.00309698941905029
492,-1.06168443273191,-0.228819473038769,-0.619954074561754
493,-1.39354492359644,-0.546614377525145,-0.93774897904813
494,-1.02873352374456,-0.738454551431656,-1.12958915295464
495,0.482244767013398,-0.527566288691057,-0.918700890214042
496,-0.570354610183186,0.345892125454119,-0.0452424760688662
497,-1.19520058313286,-0.262589007835444,-0.653723609358429
498,0.748747979623558,-0.623796694243594,-1.01493129576658
499,0.229891014974952,0.499950906361087,0.108816304838102
500,-0.782190907146549,0.200012790583916,-0.191121810939069
501,2.13204894850721,-0.385046224551105,-0.77618082607409
502,0.58626740651171,1.29960228319225,0.908467681669269
503,-0.360090248145368,0.406024987909616,0.0148903863866312
504,-0.988467863210414,-0.141040487026008,-0.532175088548993
505,-0.344883730533036,-0.504289726605563,-0.895424328128548
506,0.140066650156503,-0.132249982993236,-0.523384584516221
507,1.51058308845415,0.148087592369081,-0.243047009153904
508,0.623160768437474,0.940348554738606,0.549213953215621
509,0.582518787163561,0.427352109283409,0.0362175077604244
510,-0.240567117439618,0.403858005676254,0.0127234041532693
511,-0.588047029249764,-0.0719471818220394,-0.463081783345024
512,-0.57268387257658,-0.272816548756984,-0.663951150279969
513,0.841073642845736,-0.263935495636564,-0.655070097159549
514,0.363063295046205,0.553322042052581,0.162187440529596
515,-0.52533269180896,0.276996324543748,-0.114138276979237
516,-1.13008550333406,-0.236562973136297,-0.627697574659282
517,-0.848877700396662,-0.58615531005834,-0.977289911581325
518,1.39641333423279,-0.423596176613918,-0.814730778136904
519,1.00076284659013,0.874349901365822,0.483215299842837
520,0.84033028271828,0.645634340324393,0.254499738801408
521,1.24903983623375,0.552892324324644,0.161757722801659
522,3.10149614794491,0.789157001747988,0.398022400225003
523,1.11942649504713,1.86001524120607,1.46888063968309
524,0.141290473263245,0.714230800532926,0.323096199009941
525,0.0458893091806957,0.148795053618886,-0.242339547904099
526,-0.207791347727216,0.0936460485029053,-0.29748855302008
527,0.214063465150883,-0.0530003365824418,-0.444134938105427
528,0.690596982113559,0.190863283503838,-0.200271318019147
529,1.54609768818951,0.466335282379775,0.0752006808567903
530,0.00385665675089442,0.96087864848885,0.569744046965865
531,0.91004109019631,0.0693480329998283,-0.321786568523157
532,0.331173283063149,0.593190382689199,0.202055781166214
533,0.970767321921477,0.258561513491752,-0.132573088031233
534,0.242092322978878,0.628294684573689,0.237160083050704
535,2.59722924166416,0.207066058790874,-0.184068542732111
536,1.73910690185545,1.56851126993133,1.17737666840834
537,1.40686213887525,1.07245240352903,0.681317802006048
538,0.867162905804965,0.880390091611134,0.489255490088149
539,0.633601876967951,0.568403586499625,0.17726898497664
540,0.602928415866688,0.433387850600628,0.0422532490776432
541,2.49923486513404,0.41565629690874,0.0245216953857546
542,2.22259501736982,1.51186319414977,1.12072859262678
543,0.677169297177491,1.35194468029985,0.960810078776865
544,-0.518688093383602,0.458573076621005,0.06743847509802
545,-0.914830812892015,-0.232721898490325,-0.62385650001331
546,-1.3061052192111,-0.461722006349851,-0.852856607872837
547,-1.43077335593794,-0.687907865226502,-1.07904246674949
548,-0.987167159846379,-0.75997536855591,-1.1511099700789
549,0.541333859582309,-0.503537822819405,-0.89467242434239
550,-0.18475997014587,0.380050038512306,-0.0110845630106792
551,-1.07132587573302,-0.0396864784940574,-0.430821080017042
552,1.76905614871047,-0.552187852382677,-0.943322453905662
553,0.954612211292924,1.08976530724369,0.698630705720702
554,0.705056789456583,0.618955822859879,0.227821221336894
555,2.86697641918472,0.47469413205216,0.0835595305291753
556,1.43691506961923,1.72444530507822,1.33331070355523
557,0.121942099343637,0.897762932365113,0.506628330842128
558,0.351776083240163,0.137610246991631,-0.253524354531354
559,2.7176949015521,0.270471472277817,-0.120663129245168
560,0.888300958462835,1.63814942746692,1.24701482594394
561,1.12409300985773,0.580622961235578,0.189488359712593
562,1.72208948355164,0.716928394966268,0.325793793443283
563,0.117349834550148,1.06261506351203,0.671480461989049
564,-0.216897593860455,0.134955574619176,-0.256179026903809
565,-0.594963801402376,-0.0582644276385512,-0.449399029161536
566,-0.953114577783763,-0.27681496016526,-0.667949561688245
567,0.786686784332956,-0.483852884585752,-0.874987486108737
568,1.2377313240856,0.521882371822057,0.130747770299072
569,0.821787774266913,0.782619836291884,0.391485234768899
570,0.00165330824381948,0.542173368185254,0.151038766662269
571,1.549910390368,0.0680743328384361,-0.323060268684549
572,0.88460538253078,0.963082675389042,0.571948073866057
573,0.184609017032469,0.578486642062291,0.187352040539306
574,0.444105841741029,0.173836410450536,-0.217298191072449
575,2.33775112196394,0.323844975346559,-0.0672896261764261
576,0.894498439276002,1.41851351792853,1.02737891640554
577,-0.302424703303706,0.584205568474791,0.193070966951806
578,-1.05362189083219,-0.107705490979871,-0.498840092502856
579,-0.898127799449672,-0.541953625544269,-0.933088227067254
580,0.677465793606789,-0.452066415847968,-0.843201017370953
581,-0.2801470595626,0.458744473723477,0.0676098722004918
582,0.61025490525737,-0.0948273474009608,-0.485961948923946
583,0.541228277609209,0.419891555511447,0.028756953988462
584,-0.674643524591753,0.379989004238452,-0.0111455972845334
585,-0.987070999748039,-0.322875797096019,-0.714010398619004
586,-1.29101106236892,-0.503482235093549,-0.894616836616534
587,-0.51216855718979,-0.679182314119069,-1.07031691564205
588,1.54061690386752,-0.22895311916395,-0.620087720686935
589,1.15543081389857,0.95771034540241,0.566575743879425
590,0.823236838660808,0.735043988544108,0.343909387021123
591,-0.250721100869971,0.543011035738274,0.151876434215289
592,0.581538299953061,-0.0778169433656569,-0.468951544888642
593,1.02102157541404,0.403291210766485,0.0121566092435
594,-0.0786343545684515,0.657345400145282,0.266210798622297
595,1.36849751449489,0.0216620613555345,-0.369472540167451
596,-0.0937920809612357,0.858212470545691,0.467077869022706
597,0.151033516882033,0.0128997622953366,-0.378234839227648
598,-0.777721261964798,0.154427261229193,-0.236707340293792
599,-0.502971717972779,-0.382462435481385,-0.77359703700437
600,-0.260723636458637,-0.223636658532601,-0.614771260055586
