"e","MSE","MAE","Huber","asymmetric"
-4,16,4,6,1
-3.99,15.9201,3.99,5.98,0.9975
-3.98,15.8404,3.98,5.96,0.995
-3.97,15.7609,3.97,5.94,0.9925
-3.96,15.6816,3.96,5.92,0.99
-3.95,15.6025,3.95,5.9,0.9875
-3.94,15.5236,3.94,5.88,0.985
-3.93,15.4449,3.93,5.86,0.9825
-3.92,15.3664,3.92,5.84,0.98
-3.91,15.2881,3.91,5.82,0.9775
-3.9,15.21,3.9,5.8,0.975
-3.89,15.1321,3.89,5.78,0.9725
-3.88,15.0544,3.88,5.76,0.97
-3.87,14.9769,3.87,5.74,0.9675
-3.86,14.8996,3.86,5.72,0.965
-3.85,14.8225,3.85,5.7,0.9625
-3.84,14.7456,3.84,5.68,0.96
-3.83,14.6689,3.83,5.66,0.9575
-3.82,14.5924,3.82,5.64,0.955
-3.81,14.5161,3.81,5.62,0.9525
-3.8,14.44,3.8,5.6,0.95
-3.79,14.3641,3.79,5.58,0.9475
-3.78,14.2884,3.78,5.56,0.945
-3.77,14.2129,3.77,5.54,0.9425
-3.76,14.1376,3.76,5.52,0.94
-3.75,14.0625,3.75,5.5,0.9375
-3.74,13.9876,3.74,5.48,0.935
-3.73,13.9129,3.73,5.46,0.9325
-3.72,13.8384,3.72,5.44,0.93
-3.71,13.7641,3.71,5.42,0.9275
-3.7,13.69,3.7,5.4,0.925
-3.69,13.6161,3.69,5.38,0.9225
-3.68,13.5424,3.68,5.36,0.92
-3.67,13.4689,3.67,5.34,0.9175
-3.66,13.3956,3.66,5.32,0.915
-3.65,13.3225,3.65,5.3,0.9125
-3.64,13.2496,3.64,5.28,0.91
-3.63,13.1769,3.63,5.26,0.9075
-3.62,13.1044,3.62,5.24,0.905
-3.61,13.0321,3.61,5.22,0.9025
-3.6,12.96,3.6,5.2,0.9
-3.59,12.8881,3.59,5.18,0.8975
-3.58,12.8164,3.58,5.16,0.895
-3.57,12.7449,3.57,5.14,0.8925
-3.56,12.6736,3.56,5.12,0.89
-3.55,12.6025,3.55,5.1,0.8875
-3.54,12.5316,3.54,5.08,0.885
-3.53,12.4609,3.53,5.06,0.8825
-3.52,12.3904,3.52,5.04,0.88
-3.51,12.3201,3.51,5.02,0.8775
-3.5,12.25,3.5,5,0.875
-3.49,12.1801,3.49,4.98,0.8725
-3.48,12.1104,3.48,4.96,0.87
-3.47,12.0409,3.47,4.94,0.8675
-3.46,11.9716,3.46,4.92,0.865
-3.45,11.9025,3.45,4.9,0.8625
-3.44,11.8336,3.44,4.88,0.86
-3.43,11.7649,3.43,4.86,0.8575
-3.42,11.6964,3.42,4.84,0.855
-3.41,11.6281,3.41,4.82,0.8525
-3.4,11.56,3.4,4.8,0.85
-3.39,11.4921,3.39,4.78,0.8475
-3.38,11.4244,3.38,4.76,0.845
-3.37,11.3569,3.37,4.74,0.8425
-3.36,11.2896,3.36,4.72,0.84
-3.35,11.2225,3.35,4.7,0.8375
-3.34,11.1556,3.34,4.68,0.835
-3.33,11.0889,3.33,4.66,0.8325
-3.32,11.0224,3.32,4.64,0.83
-3.31,10.9561,3.31,4.62,0.8275
-3.3,10.89,3.3,4.6,0.825
-3.29,10.8241,3.29,4.58,0.8225
-3.28,10.7584,3.28,4.56,0.82
-3.27,10.6929,3.27,4.54,0.8175
-3.26,10.6276,3.26,4.52,0.815
-3.25,10.5625,3.25,4.5,0.8125
-3.24,10.4976,3.24,4.48,0.81
-3.23,10.4329,3.23,4.46,0.8075
-3.22,10.3684,3.22,4.44,0.805
-3.21,10.3041,3.21,4.42,0.8025
-3.2,10.24,3.2,4.4,0.8
-3.19,10.1761,3.19,4.38,0.7975
-3.18,10.1124,3.18,4.36,0.795
-3.17,10.0489,3.17,4.34,0.7925
-3.16,9.9856,3.16,4.32,0.79
-3.15,9.9225,3.15,4.3,0.7875
-3.14,9.8596,3.14,4.28,0.785
-3.13,9.7969,3.13,4.26,0.7825
-3.12,9.7344,3.12,4.24,0.78
-3.11,9.6721,3.11,4.22,0.7775
-3.1,9.61,3.1,4.2,0.775
-3.09,9.5481,3.09,4.18,0.7725
-3.08,9.4864,3.08,4.16,0.77
-3.07,9.4249,3.07,4.14,0.7675
-3.06,9.3636,3.06,4.12,0.765
-3.05,9.3025,3.05,4.1,0.7625
-3.04,9.2416,3.04,4.08,0.76
-3.03,9.1809,3.03,4.06,0.7575
-3.02,9.1204,3.02,4.04,0.755
-3.01,9.0601,3.01,4.02,0.7525
-3,9,3,4,0.75
-2.99,8.9401,2.99,3.98,0.7475
-2.98,8.8804,2.98,3.96,0.745
-2.97,8.8209,2.97,3.94,0.7425
-2.96,8.7616,2.96,3.92,0.74
-2.95,8.7025,2.95,3.9,0.7375
-2.94,8.6436,2.94,3.88,0.735
-2.93,8.5849,2.93,3.86,0.7325
-2.92,8.5264,2.92,3.84,0.73
-2.91,8.4681,2.91,3.82,0.7275
-2.9,8.41,2.9,3.8,0.725
-2.89,8.3521,2.89,3.78,0.7225
-2.88,8.2944,2.88,3.76,0.72
-2.87,8.2369,2.87,3.74,0.7175
-2.86,8.1796,2.86,3.72,0.715
-2.85,8.1225,2.85,3.7,0.7125
-2.84,8.0656,2.84,3.68,0.71
-2.83,8.0089,2.83,3.66,0.7075
-2.82,7.9524,2.82,3.64,0.705
-2.81,7.8961,2.81,3.62,0.7025
-2.8,7.84,2.8,3.6,0.7
-2.79,7.7841,2.79,3.58,0.6975
-2.78,7.7284,2.78,3.56,0.695
-2.77,7.6729,2.77,3.54,0.6925
-2.76,7.6176,2.76,3.52,0.69
-2.75,7.5625,2.75,3.5,0.6875
-2.74,7.5076,2.74,3.48,0.685
-2.73,7.4529,2.73,3.46,0.6825
-2.72,7.3984,2.72,3.44,0.68
-2.71,7.3441,2.71,3.42,0.6775
-2.7,7.29,2.7,3.4,0.675
-2.69,7.2361,2.69,3.38,0.6725
-2.68,7.1824,2.68,3.36,0.67
-2.67,7.1289,2.67,3.34,0.6675
-2.66,7.0756,2.66,3.32,0.665
-2.65,7.0225,2.65,3.3,0.6625
-2.64,6.9696,2.64,3.28,0.66
-2.63,6.9169,2.63,3.26,0.6575
-2.62,6.8644,2.62,3.24,0.655
-2.61,6.8121,2.61,3.22,0.6525
-2.6,6.76,2.6,3.2,0.65
-2.59,6.7081,2.59,3.18,0.6475
-2.58,6.6564,2.58,3.16,0.645
-2.57,6.6049,2.57,3.14,0.6425
-2.56,6.5536,2.56,3.12,0.64
-2.55,6.5025,2.55,3.1,0.6375
-2.54,6.4516,2.54,3.08,0.635
-2.53,6.4009,2.53,3.06,0.6325
-2.52,6.3504,2.52,3.04,0.63
-2.51,6.3001,2.51,3.02,0.6275
-2.5,6.25,2.5,3,0.625
-2.49,6.2001,2.49,2.98,0.6225
-2.48,6.1504,2.48,2.96,0.62
-2.47,6.1009,2.47,2.94,0.6175
-2.46,6.0516,2.46,2.92,0.615
-2.45,6.0025,2.45,2.9,0.6125
-2.44,5.9536,2.44,2.88,0.61
-2.43,5.9049,2.43,2.86,0.6075
-2.42,5.8564,2.42,2.84,0.605
-2.41,5.8081,2.41,2.82,0.6025
-2.4,5.76,2.4,2.8,0.6
-2.39,5.7121,2.39,2.78,0.5975
-2.38,5.6644,2.38,2.76,0.595
-2.37,5.6169,2.37,2.74,0.5925
-2.36,5.5696,2.36,2.72,0.59
-2.35,5.5225,2.35,2.7,0.5875
-2.34,5.4756,2.34,2.68,0.585
-2.33,5.4289,2.33,2.66,0.5825
-2.32,5.3824,2.32,2.64,0.58
-2.31,5.3361,2.31,2.62,0.5775
-2.3,5.29,2.3,2.6,0.575
-2.29,5.2441,2.29,2.58,0.5725
-2.28,5.1984,2.28,2.56,0.57
-2.27,5.1529,2.27,2.54,0.5675
-2.26,5.1076,2.26,2.52,0.565
-2.25,5.0625,2.25,2.5,0.5625
-2.24,5.0176,2.24,2.48,0.56
-2.23,4.9729,2.23,2.46,0.5575
-2.22,4.9284,2.22,2.44,0.555
-2.21,4.8841,2.21,2.42,0.5525
-2.2,4.84,2.2,2.4,0.55
-2.19,4.7961,2.19,2.38,0.5475
-2.18,4.7524,2.18,2.36,0.545
-2.17,4.7089,2.17,2.34,0.5425
-2.16,4.6656,2.16,2.32,0.54
-2.15,4.6225,2.15,2.3,0.5375
-2.14,4.5796,2.14,2.28,0.535
-2.13,4.5369,2.13,2.26,0.5325
-2.12,4.4944,2.12,2.24,0.53
-2.11,4.4521,2.11,2.22,0.5275
-2.1,4.41,2.1,2.2,0.525
-2.09,4.3681,2.09,2.18,0.5225
-2.08,4.3264,2.08,2.16,0.52
-2.07,4.2849,2.07,2.14,0.5175
-2.06,4.2436,2.06,2.12,0.515
-2.05,4.2025,2.05,2.1,0.5125
-2.04,4.1616,2.04,2.08,0.51
-2.03,4.1209,2.03,2.06,0.5075
-2.02,4.0804,2.02,2.04,0.505
-2.01,4.0401,2.01,2.02,0.5025
-2,4,2,2,0.5
-1.99,3.9601,1.99,1.98005,0.4975
-1.98,3.9204,1.98,1.9602,0.495
-1.97,3.8809,1.97,1.94045,0.4925
-1.96,3.8416,1.96,1.9208,0.49
-1.95,3.8025,1.95,1.90125,0.4875
-1.94,3.7636,1.94,1.8818,0.485
-1.93,3.7249,1.93,1.86245,0.4825
-1.92,3.6864,1.92,1.8432,0.48
-1.91,3.6481,1.91,1.82405,0.4775
-1.9,3.61,1.9,1.805,0.475
-1.89,3.5721,1.89,1.78605,0.4725
-1.88,3.5344,1.88,1.7672,0.47
-1.87,3.4969,1.87,1.74845,0.4675
-1.86,3.4596,1.86,1.7298,0.465
-1.85,3.4225,1.85,1.71125,0.4625
-1.84,3.3856,1.84,1.6928,0.46
-1.83,3.3489,1.83,1.67445,0.4575
-1.82,3.3124,1.82,1.6562,0.455
-1.81,3.2761,1.81,1.63805,0.4525
-1.8,3.24,1.8,1.62,0.45
-1.79,3.2041,1.79,1.60205,0.4475
-1.78,3.1684,1.78,1.5842,0.445
-1.77,3.1329,1.77,1.56645,0.4425
-1.76,3.0976,1.76,1.5488,0.44
-1.75,3.0625,1.75,1.53125,0.4375
-1.74,3.0276,1.74,1.5138,0.435
-1.73,2.9929,1.73,1.49645,0.4325
-1.72,2.9584,1.72,1.4792,0.43
-1.71,2.9241,1.71,1.46205,0.4275
-1.7,2.89,1.7,1.445,0.425
-1.69,2.8561,1.69,1.42805,0.4225
-1.68,2.8224,1.68,1.4112,0.42
-1.67,2.7889,1.67,1.39445,0.4175
-1.66,2.7556,1.66,1.3778,0.415
-1.65,2.7225,1.65,1.36125,0.4125
-1.64,2.6896,1.64,1.3448,0.41
-1.63,2.6569,1.63,1.32845,0.4075
-1.62,2.6244,1.62,1.3122,0.405
-1.61,2.5921,1.61,1.29605,0.4025
-1.6,2.56,1.6,1.28,0.4
-1.59,2.5281,1.59,1.26405,0.3975
-1.58,2.4964,1.58,1.2482,0.395
-1.57,2.4649,1.57,1.23245,0.3925
-1.56,2.4336,1.56,1.2168,0.39
-1.55,2.4025,1.55,1.20125,0.3875
-1.54,2.3716,1.54,1.1858,0.385
-1.53,2.3409,1.53,1.17045,0.3825
-1.52,2.3104,1.52,1.1552,0.38
-1.51,2.2801,1.51,1.14005,0.3775
-1.5,2.25,1.5,1.125,0.375
-1.49,2.2201,1.49,1.11005,0.3725
-1.48,2.1904,1.48,1.0952,0.37
-1.47,2.1609,1.47,1.08045,0.3675
-1.46,2.1316,1.46,1.0658,0.365
-1.45,2.1025,1.45,1.05125,0.3625
-1.44,2.0736,1.44,1.0368,0.36
-1.43,2.0449,1.43,1.02245,0.3575
-1.42,2.0164,1.42,1.0082,0.355
-1.41,1.9881,1.41,0.99405,0.3525
-1.4,1.96,1.4,0.98,0.35
-1.39,1.9321,1.39,0.96605,0.3475
-1.38,1.9044,1.38,0.9522,0.345
-1.37,1.8769,1.37,0.93845,0.3425
-1.36,1.8496,1.36,0.9248,0.34
-1.35,1.8225,1.35,0.91125,0.3375
-1.34,1.7956,1.34,0.8978,0.335
-1.33,1.7689,1.33,0.88445,0.3325
-1.32,1.7424,1.32,0.8712,0.33
-1.31,1.7161,1.31,0.85805,0.3275
-1.3,1.69,1.3,0.845,0.325
-1.29,1.6641,1.29,0.83205,0.3225
-1.28,1.6384,1.28,0.8192,0.32
-1.27,1.6129,1.27,0.80645,0.3175
-1.26,1.5876,1.26,0.7938,0.315
-1.25,1.5625,1.25,0.78125,0.3125
-1.24,1.5376,1.24,0.7688,0.31
-1.23,1.5129,1.23,0.75645,0.3075
-1.22,1.4884,1.22,0.7442,0.305
-1.21,1.4641,1.21,0.73205,0.3025
-1.2,1.44,1.2,0.72,0.3
-1.19,1.4161,1.19,0.70805,0.2975
-1.18,1.3924,1.18,0.6962,0.295
-1.17,1.3689,1.17,0.68445,0.2925
-1.16,1.3456,1.16,0.6728,0.29
-1.15,1.3225,1.15,0.66125,0.2875
-1.14,1.2996,1.14,0.6498,0.285
-1.13,1.2769,1.13,0.63845,0.2825
-1.12,1.2544,1.12,0.6272,0.28
-1.11,1.2321,1.11,0.61605,0.2775
-1.1,1.21,1.1,0.605,0.275
-1.09,1.1881,1.09,0.59405,0.2725
-1.08,1.1664,1.08,0.5832,0.27
-1.07,1.1449,1.07,0.57245,0.2675
-1.06,1.1236,1.06,0.5618,0.265
-1.05,1.1025,1.05,0.55125,0.2625
-1.04,1.0816,1.04,0.5408,0.26
-1.03,1.0609,1.03,0.53045,0.2575
-1.02,1.0404,1.02,0.5202,0.255
-1.01,1.0201,1.01,0.51005,0.2525
-1,1,1,0.5,0.25
-0.99,0.9801,0.99,0.49005,0.2475
-0.98,0.9604,0.98,0.4802,0.245
-0.97,0.9409,0.97,0.47045,0.2425
-0.96,0.9216,0.96,0.4608,0.24
-0.95,0.9025,0.95,0.45125,0.2375
-0.94,0.8836,0.94,0.4418,0.235
-0.93,0.864899999999999,0.93,0.43245,0.2325
-0.92,0.8464,0.92,0.4232,0.23
-0.91,0.8281,0.91,0.41405,0.2275
-0.9,0.81,0.9,0.405,0.225
-0.89,0.7921,0.89,0.39605,0.2225
-0.88,0.7744,0.88,0.3872,0.22
-0.87,0.7569,0.87,0.37845,0.2175
-0.86,0.7396,0.86,0.3698,0.215
-0.85,0.7225,0.85,0.36125,0.2125
-0.84,0.7056,0.84,0.3528,0.21
-0.83,0.6889,0.83,0.34445,0.2075
-0.82,0.6724,0.82,0.3362,0.205
-0.81,0.6561,0.81,0.32805,0.2025
-0.8,0.64,0.8,0.32,0.2
-0.79,0.6241,0.79,0.31205,0.1975
-0.78,0.6084,0.78,0.3042,0.195
-0.77,0.5929,0.77,0.29645,0.1925
-0.76,0.5776,0.76,0.2888,0.19
-0.75,0.5625,0.75,0.28125,0.1875
-0.74,0.5476,0.74,0.2738,0.185
-0.73,0.5329,0.73,0.26645,0.1825
-0.72,0.5184,0.72,0.2592,0.18
-0.71,0.5041,0.71,0.25205,0.1775
-0.7,0.49,0.7,0.245,0.175
-0.69,0.4761,0.69,0.23805,0.1725
-0.68,0.4624,0.68,0.2312,0.17
-0.67,0.4489,0.67,0.22445,0.1675
-0.66,0.4356,0.66,0.2178,0.165
-0.65,0.4225,0.65,0.21125,0.1625
-0.64,0.4096,0.64,0.2048,0.16
-0.63,0.3969,0.63,0.19845,0.1575
-0.62,0.3844,0.62,0.1922,0.155
-0.61,0.3721,0.61,0.18605,0.1525
-0.6,0.36,0.6,0.18,0.15
-0.59,0.3481,0.59,0.17405,0.1475
-0.58,0.3364,0.58,0.1682,0.145
-0.57,0.3249,0.57,0.16245,0.1425
-0.56,0.3136,0.56,0.1568,0.14
-0.55,0.3025,0.55,0.15125,0.1375
-0.54,0.2916,0.54,0.1458,0.135
-0.53,0.2809,0.53,0.14045,0.1325
-0.52,0.2704,0.52,0.1352,0.13
-0.51,0.2601,0.51,0.13005,0.1275
-0.5,0.25,0.5,0.125,0.125
-0.49,0.2401,0.49,0.12005,0.1225
-0.48,0.2304,0.48,0.1152,0.12
-0.47,0.2209,0.47,0.11045,0.1175
-0.46,0.2116,0.46,0.1058,0.115
-0.45,0.2025,0.45,0.10125,0.1125
-0.44,0.1936,0.44,0.0968,0.11
-0.43,0.1849,0.43,0.0924499999999999,0.1075
-0.42,0.1764,0.42,0.0882,0.105
-0.41,0.1681,0.41,0.0840500000000001,0.1025
-0.4,0.16,0.4,0.08,0.1
-0.39,0.1521,0.39,0.07605,0.0975
-0.38,0.1444,0.38,0.0722,0.095
-0.37,0.1369,0.37,0.06845,0.0925
-0.36,0.1296,0.36,0.0648,0.09
-0.35,0.1225,0.35,0.06125,0.0875
-0.34,0.1156,0.34,0.0577999999999999,0.085
-0.33,0.1089,0.33,0.05445,0.0825
-0.32,0.1024,0.32,0.0511999999999999,0.08
-0.31,0.0961,0.31,0.04805,0.0775
-0.3,0.0899999999999999,0.3,0.0449999999999999,0.075
-0.29,0.0841,0.29,0.04205,0.0725
-0.28,0.0783999999999999,0.28,0.0391999999999999,0.07
-0.27,0.0729,0.27,0.03645,0.0675
-0.26,0.0675999999999999,0.26,0.0337999999999999,0.0649999999999999
-0.25,0.0625,0.25,0.03125,0.0625
-0.24,0.0575999999999999,0.24,0.0287999999999999,0.0599999999999999
-0.23,0.0529,0.23,0.02645,0.0575
-0.22,0.0483999999999999,0.22,0.0241999999999999,0.0549999999999999
-0.21,0.0441,0.21,0.02205,0.0525
-0.2,0.0399999999999999,0.2,0.0199999999999999,0.0499999999999999
-0.19,0.0361,0.19,0.01805,0.0475
-0.18,0.0323999999999999,0.18,0.0162,0.0449999999999999
-0.17,0.0289,0.17,0.01445,0.0425
-0.16,0.0256,0.16,0.0128,0.04
-0.15,0.0225,0.15,0.01125,0.0375
-0.14,0.0196,0.14,0.00980000000000002,0.035
-0.13,0.0169,0.13,0.00844999999999999,0.0325
-0.12,0.0144,0.12,0.00720000000000001,0.03
-0.11,0.0121,0.11,0.00604999999999999,0.0275
-0.1,0.01,0.1,0.00500000000000001,0.025
-0.0899999999999999,0.00809999999999998,0.0899999999999999,0.00404999999999999,0.0225
-0.0800000000000001,0.00640000000000001,0.0800000000000001,0.00320000000000001,0.02
-0.0699999999999998,0.00489999999999998,0.0699999999999998,0.00244999999999999,0.0175
-0.0600000000000001,0.00360000000000001,0.0600000000000001,0.0018,0.015
-0.0499999999999998,0.00249999999999998,0.0499999999999998,0.00124999999999999,0.0125
-0.04,0.0016,0.04,0.000800000000000001,0.01
-0.0299999999999998,0.000899999999999988,0.0299999999999998,0.000449999999999994,0.00749999999999995
-0.02,0.000400000000000001,0.02,2e-04,0.005
-0.00999999999999979,9.99999999999957e-05,0.00999999999999979,4.99999999999979e-05,0.00249999999999995
0,0,0,0,0
0.00999999999999979,9.99999999999957e-05,0.00999999999999979,4.99999999999979e-05,0.00749999999999984
0.0200000000000005,0.000400000000000018,0.0200000000000005,0.000200000000000009,0.0150000000000003
0.0300000000000002,0.000900000000000015,0.0300000000000002,0.000450000000000007,0.0225000000000002
0.04,0.0016,0.04,0.000800000000000001,0.03
0.0499999999999998,0.00249999999999998,0.0499999999999998,0.00124999999999999,0.0374999999999999
0.0600000000000005,0.00360000000000006,0.0600000000000005,0.00180000000000003,0.0450000000000004
0.0700000000000003,0.00490000000000004,0.0700000000000003,0.00245000000000002,0.0525000000000002
0.0800000000000001,0.00640000000000001,0.0800000000000001,0.00320000000000001,0.0600000000000001
0.0899999999999999,0.00809999999999998,0.0899999999999999,0.00404999999999999,0.0674999999999999
0.0999999999999996,0.00999999999999993,0.0999999999999996,0.00499999999999996,0.0749999999999997
0.11,0.0121000000000001,0.11,0.00605000000000004,0.0825000000000002
0.12,0.0144,0.12,0.00720000000000001,0.0900000000000001
0.13,0.0169,0.13,0.00844999999999999,0.0974999999999999
0.14,0.0195999999999999,0.14,0.00979999999999995,0.105
0.15,0.0225000000000001,0.15,0.0112500000000001,0.1125
0.16,0.0256,0.16,0.0128,0.12
0.17,0.0289,0.17,0.01445,0.1275
0.18,0.0323999999999999,0.18,0.0162,0.135
0.19,0.0361000000000001,0.19,0.0180500000000001,0.1425
0.2,0.0400000000000001,0.2,0.02,0.15
0.21,0.0441,0.21,0.02205,0.1575
0.22,0.0483999999999999,0.22,0.0241999999999999,0.165
0.23,0.0529000000000002,0.23,0.0264500000000001,0.1725
0.24,0.0576000000000001,0.24,0.0288000000000001,0.18
0.25,0.0625,0.25,0.03125,0.1875
0.26,0.0675999999999999,0.26,0.0337999999999999,0.195
0.27,0.0729000000000003,0.27,0.0364500000000001,0.2025
0.28,0.0784000000000001,0.28,0.0392000000000001,0.21
0.29,0.0841,0.29,0.04205,0.2175
0.3,0.0899999999999999,0.3,0.0449999999999999,0.225
0.31,0.0961000000000003,0.31,0.0480500000000002,0.2325
0.32,0.1024,0.32,0.0512000000000001,0.24
0.33,0.1089,0.33,0.05445,0.2475
0.34,0.1156,0.34,0.0577999999999999,0.255
0.350000000000001,0.1225,0.350000000000001,0.0612500000000002,0.2625
0.36,0.1296,0.36,0.0648000000000001,0.27
0.37,0.1369,0.37,0.06845,0.2775
0.38,0.1444,0.38,0.0722,0.285
0.39,0.1521,0.39,0.0760499999999999,0.2925
0.4,0.16,0.4,0.0800000000000001,0.3
0.41,0.1681,0.41,0.0840500000000001,0.3075
0.42,0.1764,0.42,0.0882,0.315
0.43,0.1849,0.43,0.0924499999999999,0.3225
0.44,0.1936,0.44,0.0968000000000002,0.33
0.45,0.2025,0.45,0.10125,0.3375
0.46,0.2116,0.46,0.1058,0.345
0.47,0.2209,0.47,0.11045,0.3525
0.48,0.2304,0.48,0.1152,0.36
0.49,0.2401,0.49,0.12005,0.3675
0.5,0.25,0.5,0.125,0.375
0.51,0.2601,0.51,0.13005,0.3825
0.52,0.2704,0.52,0.1352,0.39
0.53,0.2809,0.53,0.14045,0.3975
0.54,0.2916,0.54,0.1458,0.405
0.55,0.3025,0.55,0.15125,0.4125
0.56,0.313600000000001,0.56,0.1568,0.42
0.57,0.3249,0.57,0.16245,0.4275
0.58,0.3364,0.58,0.1682,0.435
0.59,0.3481,0.59,0.17405,0.4425
0.600000000000001,0.360000000000001,0.600000000000001,0.18,0.45
0.61,0.3721,0.61,0.18605,0.4575
0.62,0.3844,0.62,0.1922,0.465
0.63,0.3969,0.63,0.19845,0.4725
0.64,0.4096,0.64,0.2048,0.48
0.65,0.4225,0.65,0.21125,0.4875
0.66,0.4356,0.66,0.2178,0.495
0.67,0.4489,0.67,0.22445,0.5025
0.68,0.4624,0.68,0.2312,0.51
0.69,0.476100000000001,0.69,0.23805,0.5175
0.7,0.49,0.7,0.245,0.525
0.71,0.5041,0.71,0.25205,0.5325
0.72,0.5184,0.72,0.2592,0.54
0.73,0.532900000000001,0.73,0.26645,0.5475
0.74,0.5476,0.74,0.2738,0.555
0.75,0.5625,0.75,0.28125,0.5625
0.76,0.5776,0.76,0.2888,0.57
0.77,0.592900000000001,0.77,0.29645,0.5775
0.78,0.6084,0.78,0.3042,0.585
0.79,0.6241,0.79,0.31205,0.5925
0.8,0.64,0.8,0.32,0.6
0.81,0.656100000000001,0.81,0.32805,0.6075
0.82,0.6724,0.82,0.3362,0.615
0.83,0.6889,0.83,0.34445,0.6225
0.84,0.7056,0.84,0.3528,0.63
0.850000000000001,0.722500000000001,0.850000000000001,0.36125,0.6375
0.86,0.739600000000001,0.86,0.3698,0.645
0.87,0.7569,0.87,0.37845,0.6525
0.88,0.7744,0.88,0.3872,0.66
0.89,0.792099999999999,0.89,0.39605,0.6675
0.9,0.810000000000001,0.9,0.405,0.675
0.91,0.8281,0.91,0.41405,0.6825
0.92,0.8464,0.92,0.4232,0.69
0.93,0.864899999999999,0.93,0.43245,0.6975
0.94,0.883600000000001,0.94,0.4418,0.705
0.95,0.9025,0.95,0.45125,0.7125
0.96,0.9216,0.96,0.4608,0.72
0.97,0.9409,0.97,0.47045,0.7275
0.98,0.960400000000001,0.98,0.4802,0.735
0.99,0.9801,0.99,0.49005,0.7425
1,1,1,0.5,0.75
1.01,1.0201,1.01,0.51005,0.7575
1.02,1.0404,1.02,0.5202,0.765
1.03,1.0609,1.03,0.53045,0.7725
1.04,1.0816,1.04,0.5408,0.78
1.05,1.1025,1.05,0.55125,0.7875
1.06,1.1236,1.06,0.561800000000001,0.795
1.07,1.1449,1.07,0.57245,0.8025
1.08,1.1664,1.08,0.5832,0.81
1.09,1.1881,1.09,0.59405,0.8175
1.1,1.21,1.1,0.605000000000001,0.825
1.11,1.2321,1.11,0.61605,0.8325
1.12,1.2544,1.12,0.6272,0.84
1.13,1.2769,1.13,0.63845,0.8475
1.14,1.2996,1.14,0.6498,0.855
1.15,1.3225,1.15,0.66125,0.8625
1.16,1.3456,1.16,0.6728,0.87
1.17,1.3689,1.17,0.68445,0.8775
1.18,1.3924,1.18,0.6962,0.885
1.19,1.4161,1.19,0.708050000000001,0.8925
1.2,1.44,1.2,0.72,0.9
1.21,1.4641,1.21,0.73205,0.9075
1.22,1.4884,1.22,0.7442,0.915
1.23,1.5129,1.23,0.756450000000001,0.9225
1.24,1.5376,1.24,0.7688,0.93
1.25,1.5625,1.25,0.78125,0.9375
1.26,1.5876,1.26,0.7938,0.945
1.27,1.6129,1.27,0.806450000000001,0.9525
1.28,1.6384,1.28,0.8192,0.96
1.29,1.6641,1.29,0.83205,0.9675
1.3,1.69,1.3,0.845,0.975
1.31,1.7161,1.31,0.858050000000001,0.9825
1.32,1.7424,1.32,0.8712,0.99
1.33,1.7689,1.33,0.88445,0.9975
1.34,1.7956,1.34,0.8978,1.005
1.35,1.8225,1.35,0.911250000000001,1.0125
1.36,1.8496,1.36,0.9248,1.02
1.37,1.8769,1.37,0.93845,1.0275
1.38,1.9044,1.38,0.9522,1.035
1.39,1.9321,1.39,0.96605,1.0425
1.4,1.96,1.4,0.980000000000001,1.05
1.41,1.9881,1.41,0.99405,1.0575
1.42,2.0164,1.42,1.0082,1.065
1.43,2.0449,1.43,1.02245,1.0725
1.44,2.0736,1.44,1.0368,1.08
1.45,2.1025,1.45,1.05125,1.0875
1.46,2.1316,1.46,1.0658,1.095
1.47,2.1609,1.47,1.08045,1.1025
1.48,2.1904,1.48,1.0952,1.11
1.49,2.2201,1.49,1.11005,1.1175
1.5,2.25,1.5,1.125,1.125
1.51,2.2801,1.51,1.14005,1.1325
1.52,2.3104,1.52,1.1552,1.14
1.53,2.3409,1.53,1.17045,1.1475
1.54,2.3716,1.54,1.1858,1.155
1.55,2.4025,1.55,1.20125,1.1625
1.56,2.4336,1.56,1.2168,1.17
1.57,2.4649,1.57,1.23245,1.1775
1.58,2.4964,1.58,1.2482,1.185
1.59,2.5281,1.59,1.26405,1.1925
1.6,2.56,1.6,1.28,1.2
1.61,2.5921,1.61,1.29605,1.2075
1.62,2.6244,1.62,1.3122,1.215
1.63,2.6569,1.63,1.32845,1.2225
1.64,2.6896,1.64,1.3448,1.23
1.65,2.7225,1.65,1.36125,1.2375
1.66,2.7556,1.66,1.3778,1.245
1.67,2.7889,1.67,1.39445,1.2525
1.68,2.8224,1.68,1.4112,1.26
1.69,2.8561,1.69,1.42805,1.2675
1.7,2.89,1.7,1.445,1.275
1.71,2.9241,1.71,1.46205,1.2825
1.72,2.9584,1.72,1.4792,1.29
1.73,2.9929,1.73,1.49645,1.2975
1.74,3.0276,1.74,1.5138,1.305
1.75,3.0625,1.75,1.53125,1.3125
1.76,3.0976,1.76,1.5488,1.32
1.77,3.1329,1.77,1.56645,1.3275
1.78,3.1684,1.78,1.5842,1.335
1.79,3.2041,1.79,1.60205,1.3425
1.8,3.24,1.8,1.62,1.35
1.81,3.2761,1.81,1.63805,1.3575
1.82,3.3124,1.82,1.6562,1.365
1.83,3.3489,1.83,1.67445,1.3725
1.84,3.3856,1.84,1.6928,1.38
1.85,3.4225,1.85,1.71125,1.3875
1.86,3.4596,1.86,1.7298,1.395
1.87,3.4969,1.87,1.74845,1.4025
1.88,3.5344,1.88,1.7672,1.41
1.89,3.5721,1.89,1.78605,1.4175
1.9,3.61,1.9,1.805,1.425
1.91,3.6481,1.91,1.82405,1.4325
1.92,3.6864,1.92,1.8432,1.44
1.93,3.7249,1.93,1.86245,1.4475
1.94,3.7636,1.94,1.8818,1.455
1.95,3.8025,1.95,1.90125,1.4625
1.96,3.8416,1.96,1.9208,1.47
1.97,3.8809,1.97,1.94045,1.4775
1.98,3.9204,1.98,1.9602,1.485
1.99,3.9601,1.99,1.98005,1.4925
2,4,2,2,1.5
2.01,4.0401,2.01,2.02,1.5075
2.02,4.0804,2.02,2.04,1.515
2.03,4.1209,2.03,2.06,1.5225
2.04,4.1616,2.04,2.08,1.53
2.05,4.2025,2.05,2.1,1.5375
2.06,4.2436,2.06,2.12,1.545
2.07,4.2849,2.07,2.14,1.5525
2.08,4.3264,2.08,2.16,1.56
2.09,4.3681,2.09,2.18,1.5675
2.1,4.41,2.1,2.2,1.575
2.11,4.4521,2.11,2.22,1.5825
2.12,4.4944,2.12,2.24,1.59
2.13,4.5369,2.13,2.26,1.5975
2.14,4.5796,2.14,2.28,1.605
2.15,4.6225,2.15,2.3,1.6125
2.16,4.6656,2.16,2.32,1.62
2.17,4.7089,2.17,2.34,1.6275
2.18,4.7524,2.18,2.36,1.635
2.19,4.7961,2.19,2.38,1.6425
2.2,4.84,2.2,2.4,1.65
2.21,4.8841,2.21,2.42,1.6575
2.22,4.9284,2.22,2.44,1.665
2.23,4.9729,2.23,2.46,1.6725
2.24,5.0176,2.24,2.48,1.68
2.25,5.0625,2.25,2.5,1.6875
2.26,5.1076,2.26,2.52,1.695
2.27,5.1529,2.27,2.54,1.7025
2.28,5.1984,2.28,2.56,1.71
2.29,5.2441,2.29,2.58,1.7175
2.3,5.29,2.3,2.6,1.725
2.31,5.3361,2.31,2.62,1.7325
2.32,5.3824,2.32,2.64,1.74
2.33,5.4289,2.33,2.66,1.7475
2.34,5.4756,2.34,2.68,1.755
2.35,5.5225,2.35,2.7,1.7625
2.36,5.5696,2.36,2.72,1.77
2.37,5.6169,2.37,2.74,1.7775
2.38,5.6644,2.38,2.76,1.785
2.39,5.7121,2.39,2.78,1.7925
2.4,5.76,2.4,2.8,1.8
2.41,5.8081,2.41,2.82,1.8075
2.42,5.8564,2.42,2.84,1.815
2.43,5.9049,2.43,2.86,1.8225
2.44,5.9536,2.44,2.88,1.83
2.45,6.0025,2.45,2.9,1.8375
2.46,6.0516,2.46,2.92,1.845
2.47,6.1009,2.47,2.94,1.8525
2.48,6.1504,2.48,2.96,1.86
2.49,6.2001,2.49,2.98,1.8675
2.5,6.25,2.5,3,1.875
2.51,6.3001,2.51,3.02,1.8825
2.52,6.3504,2.52,3.04,1.89
2.53,6.4009,2.53,3.06,1.8975
2.54,6.4516,2.54,3.08,1.905
2.55,6.5025,2.55,3.1,1.9125
2.56,6.5536,2.56,3.12,1.92
2.57,6.6049,2.57,3.14,1.9275
2.58,6.6564,2.58,3.16,1.935
2.59,6.7081,2.59,3.18,1.9425
2.6,6.76,2.6,3.2,1.95
2.61,6.8121,2.61,3.22,1.9575
2.62,6.8644,2.62,3.24,1.965
2.63,6.9169,2.63,3.26,1.9725
2.64,6.9696,2.64,3.28,1.98
2.65,7.0225,2.65,3.3,1.9875
2.66,7.0756,2.66,3.32,1.995
2.67,7.1289,2.67,3.34,2.0025
2.68,7.1824,2.68,3.36,2.01
2.69,7.2361,2.69,3.38,2.0175
2.7,7.29,2.7,3.4,2.025
2.71,7.3441,2.71,3.42,2.0325
2.72,7.3984,2.72,3.44,2.04
2.73,7.4529,2.73,3.46,2.0475
2.74,7.5076,2.74,3.48,2.055
2.75,7.5625,2.75,3.5,2.0625
2.76,7.6176,2.76,3.52,2.07
2.77,7.6729,2.77,3.54,2.0775
2.78,7.7284,2.78,3.56,2.085
2.79,7.7841,2.79,3.58,2.0925
2.8,7.84,2.8,3.6,2.1
2.81,7.8961,2.81,3.62,2.1075
2.82,7.9524,2.82,3.64,2.115
2.83,8.0089,2.83,3.66,2.1225
2.84,8.0656,2.84,3.68,2.13
2.85,8.1225,2.85,3.7,2.1375
2.86,8.1796,2.86,3.72,2.145
2.87,8.2369,2.87,3.74,2.1525
2.88,8.2944,2.88,3.76,2.16
2.89,8.3521,2.89,3.78,2.1675
2.9,8.41,2.9,3.8,2.175
2.91,8.4681,2.91,3.82,2.1825
2.92,8.5264,2.92,3.84,2.19
2.93,8.5849,2.93,3.86,2.1975
2.94,8.6436,2.94,3.88,2.205
2.95,8.7025,2.95,3.9,2.2125
2.96,8.7616,2.96,3.92,2.22
2.97,8.8209,2.97,3.94,2.2275
2.98,8.8804,2.98,3.96,2.235
2.99,8.9401,2.99,3.98,2.2425
3,9,3,4,2.25
3.01,9.0601,3.01,4.02,2.2575
3.02,9.1204,3.02,4.04,2.265
3.03,9.1809,3.03,4.06,2.2725
3.04,9.2416,3.04,4.08,2.28
3.05,9.3025,3.05,4.1,2.2875
3.06,9.3636,3.06,4.12,2.295
3.07,9.4249,3.07,4.14,2.3025
3.08,9.4864,3.08,4.16,2.31
3.09,9.5481,3.09,4.18,2.3175
3.1,9.61,3.1,4.2,2.325
3.11,9.6721,3.11,4.22,2.3325
3.12,9.7344,3.12,4.24,2.34
3.13,9.7969,3.13,4.26,2.3475
3.14,9.8596,3.14,4.28,2.355
3.15,9.9225,3.15,4.3,2.3625
3.16,9.9856,3.16,4.32,2.37
3.17,10.0489,3.17,4.34,2.3775
3.18,10.1124,3.18,4.36,2.385
3.19,10.1761,3.19,4.38,2.3925
3.2,10.24,3.2,4.4,2.4
3.21,10.3041,3.21,4.42,2.4075
3.22,10.3684,3.22,4.44,2.415
3.23,10.4329,3.23,4.46,2.4225
3.24,10.4976,3.24,4.48,2.43
3.25,10.5625,3.25,4.5,2.4375
3.26,10.6276,3.26,4.52,2.445
3.27,10.6929,3.27,4.54,2.4525
3.28,10.7584,3.28,4.56,2.46
3.29,10.8241,3.29,4.58,2.4675
3.3,10.89,3.3,4.6,2.475
3.31,10.9561,3.31,4.62,2.4825
3.32,11.0224,3.32,4.64,2.49
3.33,11.0889,3.33,4.66,2.4975
3.34,11.1556,3.34,4.68,2.505
3.35,11.2225,3.35,4.7,2.5125
3.36,11.2896,3.36,4.72,2.52
3.37,11.3569,3.37,4.74,2.5275
3.38,11.4244,3.38,4.76,2.535
3.39,11.4921,3.39,4.78,2.5425
3.4,11.56,3.4,4.8,2.55
3.41,11.6281,3.41,4.82,2.5575
3.42,11.6964,3.42,4.84,2.565
3.43,11.7649,3.43,4.86,2.5725
3.44,11.8336,3.44,4.88,2.58
3.45,11.9025,3.45,4.9,2.5875
3.46,11.9716,3.46,4.92,2.595
3.47,12.0409,3.47,4.94,2.6025
3.48,12.1104,3.48,4.96,2.61
3.49,12.1801,3.49,4.98,2.6175
3.5,12.25,3.5,5,2.625
3.51,12.3201,3.51,5.02,2.6325
3.52,12.3904,3.52,5.04,2.64
3.53,12.4609,3.53,5.06,2.6475
3.54,12.5316,3.54,5.08,2.655
3.55,12.6025,3.55,5.1,2.6625
3.56,12.6736,3.56,5.12,2.67
3.57,12.7449,3.57,5.14,2.6775
3.58,12.8164,3.58,5.16,2.685
3.59,12.8881,3.59,5.18,2.6925
3.6,12.96,3.6,5.2,2.7
3.61,13.0321,3.61,5.22,2.7075
3.62,13.1044,3.62,5.24,2.715
3.63,13.1769,3.63,5.26,2.7225
3.64,13.2496,3.64,5.28,2.73
3.65,13.3225,3.65,5.3,2.7375
3.66,13.3956,3.66,5.32,2.745
3.67,13.4689,3.67,5.34,2.7525
3.68,13.5424,3.68,5.36,2.76
3.69,13.6161,3.69,5.38,2.7675
3.7,13.69,3.7,5.4,2.775
3.71,13.7641,3.71,5.42,2.7825
3.72,13.8384,3.72,5.44,2.79
3.73,13.9129,3.73,5.46,2.7975
3.74,13.9876,3.74,5.48,2.805
3.75,14.0625,3.75,5.5,2.8125
3.76,14.1376,3.76,5.52,2.82
3.77,14.2129,3.77,5.54,2.8275
3.78,14.2884,3.78,5.56,2.835
3.79,14.3641,3.79,5.58,2.8425
3.8,14.44,3.8,5.6,2.85
3.81,14.5161,3.81,5.62,2.8575
3.82,14.5924,3.82,5.64,2.865
3.83,14.6689,3.83,5.66,2.8725
3.84,14.7456,3.84,5.68,2.88
3.85,14.8225,3.85,5.7,2.8875
3.86,14.8996,3.86,5.72,2.895
3.87,14.9769,3.87,5.74,2.9025
3.88,15.0544,3.88,5.76,2.91
3.89,15.1321,3.89,5.78,2.9175
3.9,15.21,3.9,5.8,2.925
3.91,15.2881,3.91,5.82,2.9325
3.92,15.3664,3.92,5.84,2.94
3.93,15.4449,3.93,5.86,2.9475
3.94,15.5236,3.94,5.88,2.955
3.95,15.6025,3.95,5.9,2.9625
3.96,15.6816,3.96,5.92,2.97
3.97,15.7609,3.97,5.94,2.9775
3.98,15.8404,3.98,5.96,2.985
3.99,15.9201,3.99,5.98,2.9925
4,16,4,6,3
